日期,开盘,收盘,最高,最低,成交量
2014-01-28,28.88,34.66,34.66,28.88,14352.0
2014-01-29,38.13,34.53,38.13,34.41,167086.0
2014-01-30,33.65,31.08,33.8,31.08,144359.0
2014-02-07,30.4,30.62,31.0,29.9,79994.0
2014-02-10,30.86,32.69,32.8,30.82,119384.0
2014-02-11,32.7,35.96,35.96,32.63,122426.0
2014-02-12,37.12,37.71,38.95,36.15,123965.0
2014-02-13,36.81,36.35,37.55,36.21,70488.0
2014-02-14,36.87,38.27,38.44,36.7,79267.0
2014-02-17,38.52,38.98,40.49,37.59,104754.0
2014-02-18,39.03,40.4,41.39,37.96,130489.0
2014-02-19,39.7,37.99,39.85,36.7,71848.0
2014-02-20,38.0,37.89,39.2,36.77,50532.0
2014-02-21,37.3,38.18,38.38,36.87,47469.0
2014-02-24,38.3,36.3,38.3,36.1,66176.0
2014-02-25,36.4,33.65,37.4,33.51,67153.0
2014-02-26,33.59,33.0,33.79,31.9,46972.0
2014-02-27,33.5,33.0,34.8,32.7,42619.0
2014-02-28,32.6,34.85,35.56,32.3,48251.0
2014-03-03,34.75,37.0,37.39,34.62,70555.0
2014-03-04,36.5,36.18,38.27,35.08,74068.0
2014-03-05,36.01,36.18,37.0,35.28,47530.0
2014-03-06,36.16,36.81,37.42,34.0,50566.0
2014-03-07,36.33,34.29,36.82,34.28,38134.0
2014-03-10,33.69,34.11,35.39,33.03,40231.0
2014-03-11,34.0,34.14,34.91,33.55,19811.0
2014-03-12,34.13,34.0,34.35,33.08,21494.0
2014-03-13,33.98,35.99,36.7,33.9,52604.0
2014-03-14,35.5,34.78,36.1,34.51,21420.0
2014-03-17,34.78,34.52,34.79,33.6,23541.0
2014-03-18,34.4,35.25,35.54,34.18,23944.0
2014-03-19,34.99,36.0,36.31,34.8,43905.0
2014-03-20,35.72,34.94,35.97,34.94,23330.0
2014-03-21,34.49,35.04,35.28,33.61,20152.0
2014-03-24,34.81,35.0,36.17,34.2,20885.0
2014-03-25,34.6,35.88,35.93,34.23,17856.0
2014-03-26,35.84,35.86,36.49,35.52,15833.0
2014-03-27,35.88,35.05,36.1,34.48,19383.0
2014-03-28,35.2,34.51,35.98,33.51,25603.0
2014-03-31,31.06,31.06,32.02,31.06,28758.0
2014-04-01,29.6,31.0,31.21,29.02,44112.0
2014-04-02,30.49,30.84,31.19,29.53,36142.0
2014-04-03,30.29,31.32,32.33,30.29,22403.0
2014-04-04,31.17,32.65,32.98,30.85,16455.0
2014-04-08,32.08,32.45,32.98,31.99,14063.0
2014-04-09,32.5,32.78,33.0,32.31,13724.0
2014-04-10,32.8,31.98,32.8,31.98,10451.0
2014-04-11,31.76,32.69,32.81,31.42,11802.0
2014-04-14,32.68,35.59,35.96,32.67,46083.0
2014-04-15,35.48,35.58,37.55,35.35,41841.0
2014-04-16,35.5,36.5,37.6,35.5,35169.0
2014-04-17,36.01,36.0,37.03,35.89,21291.0
2014-04-18,36.03,35.52,36.39,35.1,10909.0
2014-04-21,35.0,36.78,37.4,34.81,18958.0
2014-04-22,36.7,36.88,37.0,35.8,22987.0
2014-04-23,36.9,35.79,37.35,35.35,16918.82
2014-04-24,35.79,35.16,36.48,35.11,7461.0
2014-04-25,34.9,34.8,35.93,34.8,12371.0
2014-04-28,34.19,33.8,34.66,33.42,15803.0
2014-04-29,33.8,35.73,35.96,33.6,10088.0
2014-04-30,36.3,35.19,36.3,34.97,7214.0
2014-05-05,34.95,37.71,38.71,34.81,46411.0
2014-05-06,36.91,38.7,39.3,36.7,44634.0
2014-05-07,38.55,39.92,40.98,38.03,37468.0
2014-05-08,39.8,39.21,40.5,38.81,20708.0
2014-05-09,38.89,38.19,39.21,36.89,27163.0
2014-05-12,37.95,39.25,39.47,37.27,18136.0
2014-05-13,39.35,37.75,39.76,37.56,16914.0
2014-05-14,37.6,38.22,38.46,37.18,9544.0
2014-05-15,37.65,38.14,39.6,37.61,16247.0
2014-05-16,38.0,39.85,40.12,37.06,17189.0
2014-05-19,39.64,39.7,40.63,38.18,17471.0
2014-05-20,40.6,40.55,42.2,39.3,20443.0
2014-05-21,40.0,39.87,40.5,38.5,15001.0
2014-05-22,39.6,38.86,40.5,38.81,10967.0
2014-05-23,38.88,39.65,39.67,38.51,12857.0
2014-05-26,39.23,39.79,39.98,38.63,14889.0
2014-05-27,39.93,40.45,41.9,39.29,14142.0
2014-05-28,40.04,41.3,41.3,39.0,11082.0
2014-05-29,40.91,39.61,41.17,39.58,9396.0
2014-05-30,39.58,39.31,40.56,39.1,9854.0
2014-06-03,39.35,39.55,39.7,38.82,3933.0
2014-06-04,39.67,37.87,39.68,37.71,13554.0
2014-06-05,37.52,37.73,37.96,37.31,12557.0
2014-06-06,37.66,38.18,39.0,37.66,6748.0
2014-06-09,38.18,38.5,39.06,37.8,10532.0
2014-06-10,38.78,39.9,40.41,38.53,12157.0
2014-06-11,39.88,39.3,39.98,39.21,4509.0
2014-06-12,39.48,39.4,40.02,39.12,5256.0
2014-06-13,39.36,39.58,40.1,39.13,7857.0
2014-06-16,39.98,40.98,41.5,39.61,16234.0
2014-06-17,40.81,41.11,41.35,40.55,8165.0
2014-06-18,40.88,40.21,40.98,39.1,6658.0
2014-06-19,40.2,38.69,40.2,38.2,5695.0
2014-06-20,38.37,40.26,40.39,38.37,3555.0
2014-06-23,40.26,40.75,41.7,40.0,8305.0
2014-06-24,40.75,39.9,40.93,39.38,6291.0
2014-06-25,39.62,42.58,42.58,39.05,13858.0
2014-06-26,42.0,43.81,44.8,42.0,25892.0
2014-06-27,43.17,43.28,44.2,42.65,18636.0
2014-06-30,42.98,44.05,44.2,42.5,12530.0
2014-07-01,44.08,44.04,44.39,43.58,8716.0
2014-07-02,44.0,43.4,44.0,42.3,11471.0
2014-07-03,43.2,42.52,43.2,42.3,8771.0
2014-07-04,42.754,42.984,43.704,42.514,5498.0
2014-07-07,42.814,42.234,43.384,41.484,8240.0
2014-07-08,42.144,42.234,43.114,41.534,11297.0
2014-07-09,42.164,41.674,42.674,41.234,8400.0
2014-07-10,41.284,41.434,41.914,41.284,7331.0
2014-07-11,41.334,42.184,42.224,40.444,12914.0
2014-07-14,42.234,44.474,45.214,42.204,14015.0
2014-07-15,44.234,45.784,47.114,43.744,13835.0
2014-07-16,45.444,45.734,47.334,44.494,8640.0
2014-07-17,45.964,45.834,46.134,44.594,3098.0
2014-07-18,45.234,46.634,46.804,44.834,5211.0
2014-07-21,46.634,47.434,47.694,45.314,7428.0
2014-07-22,46.564,49.524,52.014,46.364,9867.0
2014-07-23,49.934,49.694,51.784,47.744,10491.0
2014-07-24,49.934,48.734,50.144,47.104,9646.0
2014-07-25,48.834,48.534,49.234,47.084,7542.0
2014-07-28,48.434,49.474,50.234,47.104,7441.0
2014-07-29,49.434,48.634,49.454,47.994,9678.0
2014-07-30,46.254,47.784,48.234,46.254,8799.0
2014-07-31,47.494,50.484,51.704,47.364,12615.0
2014-08-01,50.464,51.194,52.734,50.034,6932.0
2014-08-04,50.934,52.734,53.714,49.744,9853.0
2014-08-05,52.284,52.764,53.214,51.064,5013.0
2014-08-06,52.774,51.934,52.814,50.954,5668.0
2014-08-07,51.934,50.534,52.224,50.114,15916.0
2014-08-08,50.484,52.464,53.034,49.734,8171.0
2014-08-11,52.134,56.634,57.194,52.114,14060.0
2014-08-12,57.134,56.234,57.274,55.034,8179.0
2014-08-13,56.034,55.054,56.854,54.854,6655.0
2014-08-14,54.784,54.354,55.594,54.144,5495.0
2014-08-15,54.394,54.354,54.984,54.244,3919.0
2014-08-18,54.384,54.434,55.534,54.084,7265.0
2014-08-19,54.234,54.834,55.634,52.294,13920.0
2014-08-20,54.444,53.634,54.794,53.454,7555.0
2014-08-21,53.454,53.634,53.734,52.734,8690.0
2014-08-22,53.734,54.834,54.884,53.034,7541.0
2014-08-25,55.034,52.244,55.034,52.234,10871.0
2014-08-26,52.354,52.154,52.834,51.234,8750.0
2014-08-27,52.154,51.154,52.664,51.024,6392.0
2014-08-28,51.244,50.244,51.734,50.094,6827.0
2014-08-29,50.134,51.784,52.074,49.134,10157.0
2014-09-01,51.534,51.634,51.634,49.994,9854.0
2014-09-02,51.224,52.024,52.134,50.434,6018.0
2014-09-03,52.004,52.234,52.834,51.534,6332.0
2014-09-04,52.234,52.584,52.684,50.584,6988.0
2014-09-05,51.594,52.404,52.834,51.514,4703.0
2014-09-09,52.024,52.134,52.304,50.774,5227.0
2014-09-10,51.534,52.234,52.434,51.044,4585.0
2014-09-11,52.214,51.534,52.454,51.254,4880.0
2014-09-12,51.534,51.374,51.924,51.234,3925.0
2014-09-15,51.394,50.734,51.484,50.414,12000.0
2014-09-16,51.134,50.134,51.234,49.884,8806.0
2014-09-17,50.134,52.924,53.214,49.644,8711.0
2014-09-18,53.294,53.224,54.024,52.934,12241.0
2014-09-19,53.504,52.514,53.504,52.304,3461.0
2014-09-22,52.514,50.614,52.514,50.384,4847.0
2014-09-23,50.114,50.634,51.474,50.114,3852.0
2014-09-24,50.794,50.764,51.334,50.264,6029.0
2014-09-25,50.984,51.024,51.244,50.274,5380.0
2014-09-26,51.104,50.754,51.184,50.194,6322.0
2014-09-29,50.934,53.334,54.234,50.934,12758.0
2014-09-30,52.934,55.204,55.734,52.934,9931.0
2014-10-08,55.134,54.734,56.094,54.294,4395.0
2014-10-09,55.134,54.824,55.414,53.914,4035.0
2014-10-10,54.794,53.654,54.794,53.534,5527.0
2014-10-13,53.634,51.034,53.634,50.834,9936.0
2014-10-14,50.734,51.844,52.224,50.544,4692.0
2014-10-15,51.824,51.004,52.184,50.504,4877.0
2014-10-16,50.534,49.474,50.734,48.304,11147.0
2014-10-17,49.324,48.934,49.534,48.334,5823.0
2014-10-20,49.024,49.834,49.834,48.744,10105.0
2014-10-21,49.734,50.184,50.624,49.144,6597.0
2014-10-22,50.184,50.234,50.724,50.174,3642.0
2014-10-23,50.234,48.384,50.254,48.134,6268.0
2014-10-24,48.424,50.514,50.614,48.384,3993.0
2014-10-27,50.234,50.274,51.234,49.314,8113.0
2014-10-28,50.334,54.714,55.274,50.274,12360.0
2014-10-29,55.724,53.234,55.724,52.744,10927.0
2014-10-30,53.484,53.304,53.584,52.844,4869.0
2014-10-31,53.124,53.004,53.484,51.514,7488.0
2014-11-03,52.534,53.044,53.234,52.404,2982.0
2014-11-04,52.934,51.934,53.194,51.854,2741.0
2014-11-05,51.434,51.914,51.964,50.334,4562.0
2014-11-06,51.624,52.854,53.334,51.474,5150.0
2014-11-07,53.194,52.124,53.194,50.784,10861.0
2014-11-10,51.634,50.664,51.634,50.234,8363.0
2014-11-11,50.634,49.824,50.914,49.344,9460.0
2014-11-12,50.024,52.814,52.984,50.024,15832.0
2014-11-13,52.584,54.764,56.034,51.634,13292.0
2014-11-14,54.014,55.014,55.344,53.244,5611.0
2014-11-17,55.304,54.444,55.414,53.554,4093.0
2014-11-18,54.344,59.864,59.864,54.064,12688.0
2014-11-19,60.254,62.544,65.234,60.134,16518.0
2014-11-20,62.214,61.894,63.194,60.814,12880.0
2014-11-21,61.834,61.534,62.714,60.244,8512.0
2014-11-24,61.734,62.844,65.204,59.234,11909.0
2014-11-25,62.744,61.314,62.744,59.234,7022.0
2014-11-26,60.634,59.364,60.744,58.444,9877.0
2014-11-27,59.244,58.734,59.244,57.614,10906.0
2014-11-28,58.694,58.034,58.694,57.384,9593.0
2014-12-01,57.374,54.534,58.374,53.974,16534.0
2014-12-02,54.724,55.094,56.204,54.484,12873.0
2014-12-03,56.114,54.564,56.124,53.444,17435.0
2014-12-04,54.584,56.624,58.564,53.854,27705.0
2014-12-05,56.194,54.134,56.194,53.084,22380.0
2014-12-08,54.004,51.834,54.834,51.694,24075.0
2014-12-09,51.864,48.734,51.864,48.534,21751.0
2014-12-10,48.234,51.264,51.784,48.234,12914.0
2014-12-11,51.394,50.254,52.104,49.934,9498.0
2014-12-12,50.384,51.224,51.924,48.824,16832.0
2014-12-15,50.644,53.084,53.744,50.254,20423.0
2014-12-16,53.034,53.234,53.934,52.234,16092.0
2014-12-17,52.984,53.664,55.424,52.614,19232.0
2014-12-18,53.284,53.024,54.134,52.614,6360.0
2014-12-19,52.984,50.734,52.984,49.004,12604.0
2014-12-22,50.284,45.684,50.284,45.684,16998.0
2014-12-23,45.534,43.594,46.534,42.234,21567.0
2014-12-24,43.734,45.434,45.434,43.234,11382.0
2014-12-25,45.234,45.734,46.694,44.634,16098.0
2014-12-26,45.624,44.244,45.714,43.534,15177.0
2014-12-29,42.974,43.014,43.874,42.094,19238.0
2014-12-30,42.734,41.734,43.074,40.734,19673.0
2014-12-31,41.444,44.234,44.234,41.014,20057.0
2015-01-05,43.444,44.334,44.884,42.334,12471.0
2015-01-06,44.024,47.874,48.744,43.584,27563.0
2015-01-07,47.914,50.254,50.434,47.294,28575.0
2015-01-08,50.134,52.234,55.214,49.424,17844.0
2015-01-09,52.064,53.244,54.724,51.794,9814.0
2015-01-12,52.274,51.434,54.204,50.234,11568.0
2015-01-13,51.434,51.744,52.734,50.744,3454.0
2015-01-14,51.874,55.684,55.744,51.234,10015.0
2015-01-15,55.604,54.254,57.634,54.064,7529.0
2015-01-16,54.134,55.884,56.234,53.114,6628.0
2015-01-19,55.804,55.994,58.474,54.774,11410.0
2015-01-20,56.224,54.964,57.154,53.744,6500.0
2015-01-21,54.964,55.244,55.784,53.964,8140.0
2015-01-22,54.784,54.184,55.084,52.554,11763.0
2015-01-23,54.124,53.624,54.124,52.834,4979.0
2015-01-26,53.624,54.344,54.434,53.034,10257.0
2015-01-27,54.314,53.644,54.354,53.034,6581.0
2015-01-28,53.374,51.194,53.614,50.834,17971.0
2015-01-29,50.534,51.234,52.794,50.244,11890.0
2015-01-30,52.034,51.024,52.034,50.564,6303.0
2015-02-02,51.044,52.614,52.934,50.494,7392.0
2015-02-03,52.614,52.054,53.234,51.734,13324.0
2015-02-04,52.044,51.024,52.054,50.584,6121.0
2015-02-05,51.024,48.334,51.614,48.234,11940.0
2015-02-06,48.334,48.724,48.784,46.734,10794.0
2015-02-09,48.724,49.604,49.934,47.834,8852.0
2015-02-10,49.244,48.444,50.034,47.904,6248.0
2015-02-11,48.614,47.534,48.724,47.444,7511.0
2015-02-12,48.214,50.034,51.724,47.414,15927.0
2015-02-13,50.004,50.164,50.554,49.534,11908.0
2015-02-16,50.124,50.914,51.134,49.754,11545.0
2015-02-17,50.914,50.374,51.334,50.234,9345.0
2015-02-25,50.434,52.134,52.224,49.254,17035.0
2015-02-26,52.144,54.464,54.714,52.144,20767.0
2015-02-27,54.034,54.254,54.834,54.034,8777.0
2015-03-02,54.254,56.194,57.014,53.434,14667.0
2015-03-03,56.194,56.264,58.424,54.414,16334.0
2015-03-04,55.484,57.784,58.584,55.484,10141.0
2015-03-05,57.734,56.454,57.734,56.064,11450.0
2015-03-06,55.234,56.584,57.584,54.944,5075.0
2015-03-09,55.794,59.924,60.614,54.434,14329.0
2015-03-10,59.354,59.234,60.734,58.134,5419.0
2015-03-11,59.434,57.614,59.434,56.904,3974.0
2015-03-12,56.944,60.184,60.314,55.504,7504.0
2015-03-13,59.734,59.254,62.034,59.234,5002.0
2015-03-16,59.264,60.934,62.234,58.354,7287.0
2015-03-17,61.014,62.714,63.184,60.034,7694.0
2015-03-18,62.234,62.394,63.434,61.684,3850.0
2015-03-19,62.684,61.504,62.734,60.724,4164.0
2015-03-20,61.494,63.384,65.084,60.844,9477.0
2015-03-23,63.264,64.224,64.464,62.434,3506.0
2015-03-24,64.134,64.634,64.734,61.734,5074.0
2015-03-25,64.234,71.074,71.074,62.234,17675.0
2015-03-26,71.234,75.484,77.114,71.024,16318.0
2015-03-27,74.734,74.054,77.734,73.234,9205.99
2015-03-30,73.544,74.284,74.284,70.844,14378.0
2015-03-31,74.234,73.734,75.224,71.734,10129.0
2015-04-01,73.734,79.154,79.434,71.834,7925.0
2015-04-02,78.994,75.234,79.324,74.234,14591.0
2015-04-03,75.304,74.124,75.834,73.534,8838.0
2015-04-28,81.514,77.964,81.514,74.234,42871.0
2015-04-29,78.084,75.384,78.084,74.234,17813.0
2015-04-30,75.284,73.734,75.284,71.654,15693.0
2015-05-04,73.134,78.384,78.934,70.734,14206.0
2015-05-05,78.734,78.734,79.714,75.534,13027.0
2015-05-06,78.064,77.744,79.234,76.884,8788.0
2015-05-07,77.234,75.194,77.234,74.074,9023.0
2015-05-08,74.934,75.234,75.234,73.084,16030.0
2015-05-11,74.974,75.214,75.214,72.714,16124.0
2015-05-12,74.544,74.244,76.224,72.784,17717.0
2015-05-13,73.214,73.234,74.544,69.434,24657.0
2015-05-14,73.534,72.844,73.654,71.184,9955.0
2015-05-15,73.114,73.834,74.484,72.184,10897.0
2015-05-18,73.734,80.034,81.194,73.264,27757.0
2015-05-19,80.104,78.714,81.434,76.434,19323.0
2015-05-20,78.714,85.394,86.234,78.634,16520.0
2015-05-21,86.234,90.234,91.234,82.234,24545.0
2015-05-22,89.634,91.654,96.834,88.834,28543.0
2015-05-25,89.284,97.254,97.914,86.904,14028.0
2015-05-26,99.534,100.684,105.504,98.534,17580.0
2015-05-27,100.794,101.734,109.124,96.234,21380.0
2015-05-28,101.524,95.464,105.204,95.464,21975.0
2015-05-29,96.234,93.254,96.624,86.344,15653.0
2015-06-01,93.234,99.234,99.234,92.154,13144.0
2015-06-02,99.324,104.844,105.234,98.334,14254.0
2015-06-03,107.824,105.544,113.214,100.264,17747.0
2015-06-04,104.034,96.734,106.214,95.014,20922.0
2015-06-05,96.484,100.784,102.734,92.234,29653.0
2015-06-08,100.194,97.534,102.224,96.234,16787.0
2015-06-09,97.584,97.034,99.874,93.544,16139.0
2015-06-10,97.035,98.735,102.895,93.295,36383.0
2015-06-11,97.955,98.095,99.075,94.315,30055.0
2015-06-12,96.895,103.175,104.395,96.895,59050.0
2015-06-15,104.175,98.775,104.655,98.295,32753.0
2015-06-16,96.955,92.675,101.295,88.935,33098.0
2015-06-17,92.675,95.095,96.235,92.655,28060.0
2015-06-18,95.195,90.615,97.295,90.295,25767.0
2015-06-19,87.155,89.955,94.295,86.375,33322.0
2015-06-23,90.295,96.275,96.275,88.695,31283.0
2015-06-24,99.295,101.695,103.495,97.295,43736.0
2015-06-25,101.655,111.095,111.835,98.295,70738.0
2015-06-26,106.695,100.015,110.235,100.015,66213.0
2015-06-29,103.515,107.095,109.995,94.215,114689.0
2015-06-30,107.095,117.775,117.775,104.675,81279.0
2015-07-01,119.895,108.115,129.515,106.035,99862.0
2015-07-02,101.195,97.335,106.275,97.335,51639.0
2015-07-03,87.695,87.635,96.295,87.635,47855.0
2015-07-06,96.375,88.095,96.375,78.895,108816.0
2015-07-07,84.295,79.315,86.135,79.315,27662.0
2015-07-08,71.415,71.415,81.375,71.415,149611.0
2015-07-09,64.295,78.535,78.535,64.295,64072.0
2015-07-10,84.335,86.355,86.355,82.395,6002.0
2015-07-13,94.955,94.955,94.955,94.955,5428.0
2015-07-14,104.295,104.415,104.415,96.335,42423.0
2015-07-15,104.395,100.235,114.295,96.295,43682.0
2015-07-16,100.235,110.235,110.235,94.535,51568.0
2015-07-17,114.615,121.235,121.235,108.695,69423.0
2015-07-20,128.295,133.335,133.335,126.295,53434.0
2015-07-21,136.295,146.635,146.635,133.195,54559.0
2015-07-22,153.595,142.295,160.295,131.995,140309.0
2015-07-23,136.295,144.055,145.295,133.295,111476.0
2015-07-24,141.695,129.795,143.275,129.675,113589.0
2015-07-27,125.295,132.295,142.755,124.695,166726.0
2015-07-28,124.295,141.395,142.695,122.295,122810.0
2015-07-29,140.515,149.615,153.355,132.895,88719.0
2015-07-30,146.295,139.075,159.455,138.295,86872.0
2015-07-31,133.315,128.615,138.295,125.295,62177.0
2015-08-03,124.695,134.055,138.295,118.095,93611.0
2015-08-04,133.295,143.675,144.495,124.815,86903.0
2015-08-05,144.295,134.275,144.295,132.655,78413.0
2015-08-06,128.055,126.335,135.275,124.675,55790.0
2015-08-07,129.615,129.995,132.295,126.795,61917.0
2015-08-10,133.255,136.055,137.275,124.815,97661.0
2015-08-11,136.095,131.155,138.695,130.295,80935.0
2015-08-12,125.935,122.415,128.495,122.235,74062.0
2015-08-13,121.735,125.895,127.595,119.115,60062.0
2015-08-14,126.015,122.315,127.095,120.795,47248.0
2015-08-17,119.775,131.495,132.395,115.315,95059.0
2015-08-18,131.435,120.335,132.295,118.375,74390.0
2015-08-19,115.895,126.395,127.655,115.495,68808.0
2015-08-20,126.595,119.875,127.455,119.195,42256.0
2015-08-21,117.895,107.915,119.095,107.915,76877.0
2015-08-24,100.295,97.155,106.195,97.155,55402.0
2015-08-25,91.155,88.895,101.295,88.295,78720.0
2015-08-26,89.495,93.295,97.075,89.295,64175.0
2015-08-27,96.075,98.995,100.255,90.295,64318.0
2015-08-28,100.495,104.855,105.775,96.895,40535.0
2015-08-31,104.695,101.895,109.295,98.495,31208.0
2015-09-01,101.295,91.755,101.695,91.735,30230.0
2015-09-02,86.295,88.395,95.495,86.095,19920.0
2015-09-07,90.295,82.595,94.295,79.595,78365.0
2015-09-08,80.915,88.415,89.435,80.135,45912.0
2015-09-09,90.895,93.295,97.235,89.295,80332.0
2015-09-10,92.095,102.015,102.595,90.495,58738.0
2015-09-11,101.295,99.295,101.895,97.535,40601.0
2015-09-14,100.095,89.395,100.335,89.395,30305.0
2015-09-15,86.395,87.655,92.295,83.515,33528.0
2015-09-16,89.095,95.915,96.315,86.075,40748.0
2015-09-17,94.295,92.295,99.815,91.295,35502.0
2015-09-18,92.595,89.955,94.295,87.095,53932.0
2015-09-21,87.935,90.695,91.475,86.255,57324.0
2015-09-22,90.895,91.495,95.215,88.315,47713.0
2015-09-23,88.355,88.255,91.115,87.915,30606.0
2015-09-24,88.315,88.695,90.755,87.755,25526.0
2015-09-25,88.795,86.015,90.895,85.195,26088.0
2015-09-28,85.895,86.875,87.295,82.515,19283.0
2015-09-29,84.295,90.095,91.895,84.295,61549.0
2015-09-30,90.315,89.295,90.995,86.995,31482.0
2015-10-08,93.615,98.195,98.195,91.295,37342.0
2015-10-09,102.195,103.335,105.955,100.315,52219.0
2015-10-12,106.295,113.635,113.635,105.695,57515.0
2015-10-13,111.295,112.095,115.655,109.415,40059.0
2015-10-14,112.675,108.295,117.275,107.915,34543.0
2015-10-15,107.195,111.835,113.135,106.655,36589.0
2015-10-16,113.295,110.235,113.295,106.335,49232.0
2015-10-19,111.915,106.195,116.295,104.835,92877.0
2015-10-20,106.295,107.735,107.735,102.895,56272.0
2015-10-21,108.855,96.995,108.855,96.995,75935.0
2015-10-22,96.275,99.875,100.295,94.315,57724.0
2015-10-23,100.595,103.955,104.295,97.455,73800.0
2015-10-26,103.975,100.555,105.295,99.195,79070.0
2015-10-27,100.175,104.535,104.675,98.695,66361.0
2015-10-28,104.275,101.455,107.395,101.295,56576.0
2015-10-29,102.495,101.495,103.455,99.695,33806.0
2015-10-30,100.535,100.195,102.275,98.355,28570.0
2015-11-02,98.295,102.295,105.295,96.315,60502.0
2015-11-03,102.295,109.455,112.495,102.295,101472.0
2015-11-04,109.475,112.115,114.095,106.455,87009.0
2015-11-05,111.295,108.195,112.295,107.295,65411.0
2015-11-06,108.295,108.855,110.175,106.775,49876.0
2015-11-09,107.915,108.295,109.295,105.315,83125.0
2015-11-10,106.875,105.515,108.235,104.515,64818.0
2015-11-11,105.735,106.015,106.175,103.195,63708.0
2015-11-12,106.095,112.095,113.255,103.655,128503.0
2015-11-13,109.395,106.255,110.695,105.655,85579.0
2015-11-16,102.315,104.895,105.195,102.315,46428.0
2015-11-17,106.295,104.295,110.295,104.135,48817.0
2015-11-18,103.295,102.735,106.595,102.315,32028.0
2015-11-19,102.715,104.115,105.295,102.335,25885.0
2015-11-20,104.595,102.615,104.895,101.695,50826.0
2015-11-23,102.615,105.635,106.895,101.695,67798.0
2015-11-24,106.295,116.175,116.175,106.295,127681.0
2015-11-25,118.495,121.715,127.255,116.495,130390.0
2015-11-26,119.895,116.075,121.195,115.795,65776.0
2015-11-27,115.295,104.615,115.295,104.495,68778.0
2015-11-30,104.795,109.295,111.295,103.835,91645.0
2015-12-01,108.235,105.795,110.135,100.315,61912.0
2015-12-02,105.695,103.115,107.035,100.495,57948.0
2015-12-03,103.195,106.595,106.695,103.195,36518.0
2015-12-04,105.895,107.235,110.295,104.515,53968.0
2015-12-07,106.295,106.315,107.875,105.195,38619.0
2015-12-08,106.895,101.035,107.055,100.295,74483.0
2015-12-09,100.275,97.595,100.895,96.695,62101.0
2015-12-10,96.795,98.015,99.115,96.195,47389.0
2015-12-11,97.995,93.855,97.995,91.075,82920.0
2015-12-14,91.695,93.475,93.495,90.115,77676.0
2015-12-15,93.895,93.615,96.415,92.695,71211.0
2015-12-16,95.495,98.875,99.235,94.935,101514.0
2015-12-17,98.895,99.795,100.495,97.315,89925.0
2015-12-18,100.295,97.655,100.295,97.315,61373.0
2015-12-21,97.695,98.395,99.255,97.355,55053.0
2015-12-22,98.495,98.635,99.255,97.735,41180.0
2015-12-23,99.495,98.435,101.275,98.335,52777.0
2015-12-24,97.295,94.735,97.295,92.115,81212.0
2015-12-25,94.135,93.395,94.135,90.895,84864.0
2015-12-28,92.775,93.695,94.615,92.095,75790.0
2015-12-29,92.715,92.895,93.295,91.315,39953.0
2015-12-30,93.455,93.955,94.255,92.455,38957.0
2015-12-31,94.115,94.435,95.455,93.695,48013.0
2016-01-04,94.435,85.015,94.835,85.015,48503.0
2016-01-05,86.275,90.995,92.235,85.015,92233.0
2016-01-06,92.455,96.215,99.275,92.455,126715.0
2016-01-07,94.695,91.655,95.895,86.695,26850.0
2016-01-08,96.295,100.795,100.795,91.655,128714.0
2016-01-11,101.675,102.055,110.855,99.335,190677.0
2016-01-12,105.295,99.775,106.855,95.935,129536.0
2016-01-13,99.775,90.295,100.075,89.835,109114.0
2016-01-14,86.295,91.495,92.895,84.375,82994.0
2016-01-15,90.535,85.075,91.355,82.375,81712.0
2016-01-18,81.895,86.135,86.995,80.295,62322.0
2016-01-19,85.975,90.675,92.415,84.295,72848.0
2016-01-20,90.295,86.995,90.295,85.415,63470.0
2016-01-21,84.395,83.895,86.335,81.795,87498.0
2016-01-22,83.795,86.515,87.015,82.755,54769.0
2016-01-25,88.775,88.715,91.255,86.895,65399.0
2016-01-26,87.735,84.195,91.495,83.695,64297.0
2016-01-27,85.295,86.915,88.175,79.295,66791.0
2016-01-28,85.495,82.315,88.255,81.295,40220.0
2016-01-29,82.315,83.395,84.495,79.875,39003.0
2016-02-01,83.295,84.635,85.935,82.295,34570.0
2016-02-02,85.895,89.055,89.895,85.295,47306.0
2016-02-03,86.655,86.495,88.195,84.695,31417.0
2016-02-04,86.655,87.295,88.135,86.395,28800.0
2016-02-05,87.315,85.075,88.015,83.895,31844.0
2016-02-15,81.295,86.815,87.655,81.295,26788.0
2016-02-16,86.855,89.975,92.475,86.855,52401.0
2016-02-17,90.935,91.295,92.675,89.515,38305.0
2016-02-18,92.695,92.215,94.855,91.435,45542.0
2016-02-19,92.215,93.275,94.095,91.335,35894.0
2016-02-22,95.295,94.995,96.295,93.735,38380.0
2016-02-23,94.375,96.835,97.235,94.335,49727.0
2016-02-24,96.895,102.895,105.275,96.815,92016.0
2016-02-25,102.295,98.215,107.295,95.395,121099.0
2016-02-26,98.895,104.735,107.195,98.895,110446.0
2016-02-29,105.335,108.415,112.895,97.195,126047.0
2016-03-01,107.295,112.975,114.895,104.735,76864.0
2016-03-02,111.295,112.135,117.795,107.895,97427.0
2016-03-03,111.175,109.195,114.295,107.635,83145.0
2016-03-04,108.095,113.895,115.435,108.095,112500.0
2016-03-07,116.315,115.775,117.895,111.695,76890.0
2016-03-08,116.055,109.115,116.055,107.095,73019.0
2016-03-09,106.275,102.875,107.015,101.295,62666.0
2016-03-10,104.875,104.995,107.615,103.495,61302.0
2016-03-11,104.475,105.315,107.395,102.295,31468.0
2016-03-14,106.115,110.635,111.275,105.595,51282.0
2016-03-15,107.215,104.695,109.755,102.995,84824.0
2016-03-16,105.295,102.595,106.015,100.615,42971.0
2016-03-17,102.795,105.035,105.295,102.235,40557.0
2016-03-18,106.095,108.495,108.875,105.295,55085.0
2016-03-21,110.615,115.715,117.075,110.615,78500.0
2016-03-22,113.735,119.135,124.375,112.515,83942.0
2016-03-23,120.695,119.595,123.295,115.895,64508.0
2016-03-24,117.295,121.595,126.275,117.195,79748.0
2016-04-11,123.295,120.255,127.895,115.295,149653.0
2016-04-12,118.335,112.895,118.495,110.715,105634.0
2016-04-13,113.855,112.915,114.255,112.255,59355.0
2016-04-14,113.895,111.935,113.895,108.515,92990.0
2016-04-15,111.895,112.215,112.275,109.535,62718.0
2016-04-18,111.995,115.035,115.755,111.055,86732.0
2016-04-19,115.995,117.395,119.095,115.295,97453.0
2016-04-20,120.295,107.915,120.655,107.295,161670.0
2016-04-21,107.295,108.815,112.295,104.895,90413.0
2016-04-22,107.315,109.095,110.535,106.355,59570.0
2016-04-25,109.095,108.055,110.495,107.055,50412.0
2016-04-26,107.335,109.055,109.295,107.335,37233.0
2016-04-27,109.155,108.935,110.795,108.275,37133.0
2016-04-28,108.695,106.955,109.295,105.215,49968.0
2016-04-29,106.035,107.415,108.755,105.435,46642.0
2016-05-03,107.575,114.055,114.195,107.395,85946.0
2016-05-04,114.095,112.775,115.295,112.595,73646.0
2016-05-05,113.295,113.575,113.995,111.895,47394.0
2016-05-06,114.235,110.015,116.095,109.595,67945.0
2016-05-09,108.495,106.375,109.035,105.535,40790.0
2016-05-10,106.695,106.595,107.475,105.295,41093.0
2016-05-11,106.615,112.735,115.995,106.615,137534.0
2016-05-12,110.275,113.855,113.895,109.375,67248.0
2016-05-13,114.255,114.075,115.995,112.695,67757.0
2016-05-16,114.115,118.075,118.895,113.255,93688.0
2016-05-17,116.895,112.295,117.875,111.955,94619.0
2016-05-18,110.415,108.395,110.595,106.655,65290.0
2016-05-19,108.695,109.115,110.455,107.735,42455.0
2016-05-20,107.895,108.575,109.935,106.735,41436.0
2016-05-23,108.655,110.255,110.255,108.055,54158.0
2016-05-24,109.835,106.495,110.195,105.635,70304.0
2016-05-25,107.155,104.975,107.535,104.355,57015.0
2016-05-26,104.395,102.915,105.795,100.615,59798.0
2016-05-27,103.235,103.935,104.755,102.755,37658.0
2016-05-30,103.355,101.055,103.875,100.515,36367.0
2016-05-31,101.495,104.475,104.675,101.495,79511.0
2016-06-01,104.895,105.435,107.655,103.935,78646.0
2016-06-02,105.495,104.655,106.035,103.335,64282.0
2016-06-03,105.055,107.215,107.575,103.455,98853.0
2016-06-06,107.795,106.435,108.195,105.295,57267.0
2016-06-07,106.475,104.675,106.815,103.895,78235.0
2016-06-08,104.695,104.655,105.295,103.595,49896.0
2016-06-13,103.095,101.475,103.995,101.475,46295.0
2016-06-14,101.295,101.115,101.875,100.335,39850.0
2016-06-15,99.795,102.855,103.675,99.715,52444.0
2016-06-16,103.655,102.715,105.675,102.315,74581.0
2016-06-17,102.815,102.995,104.295,101.855,48673.0
2016-06-20,103.575,102.595,103.975,101.495,39818.0
2016-06-21,102.795,100.715,103.095,100.315,62411.0
2016-06-22,100.495,100.895,100.895,99.495,50202.0
2016-06-23,101.435,98.755,101.435,97.675,70193.0
2016-06-24,98.915,97.295,98.975,92.335,78165.0
2016-06-27,96.895,98.575,98.975,96.115,41489.0
2016-06-28,98.075,100.835,101.055,97.395,66638.0
2016-06-29,100.855,100.175,101.075,99.915,48174.0
2016-06-30,100.295,101.355,102.715,99.995,60529.0
2016-07-01,103.935,103.295,105.135,102.895,98009.0
2016-07-04,104.295,105.295,106.055,103.395,88131.0
2016-07-05,105.635,105.255,106.875,103.895,71939.0
2016-07-06,105.195,105.495,105.895,103.415,76372.0
2016-07-07,105.915,108.495,110.695,105.895,153857.0
2016-07-08,107.121,105.721,109.481,104.601,148237.0
2016-07-11,104.201,103.801,106.481,103.081,167140.0
2016-07-12,103.881,105.321,105.801,102.761,156580.0
2016-07-13,106.401,107.561,109.401,105.601,187278.0
2016-07-14,107.361,107.641,108.801,106.041,115078.0
2016-07-15,108.601,108.961,110.601,107.881,152007.0
2016-07-18,111.001,113.441,115.401,111.001,252683.0
2016-07-19,113.321,113.121,113.321,110.241,160845.0
2016-07-20,113.001,113.521,114.401,111.201,182483.0
2016-07-21,116.161,113.681,118.561,113.601,429257.0
2016-07-22,113.401,109.241,113.401,108.641,259090.0
2016-07-25,109.001,110.041,111.361,108.201,147441.0
2016-07-26,110.521,110.361,110.961,109.681,117244.0
2016-07-27,110.481,105.161,110.801,103.441,219312.0
2016-07-28,105.001,105.761,106.081,103.841,139199.0
2016-07-29,106.801,108.881,109.281,105.281,186183.0
2016-08-01,108.401,106.401,108.401,105.321,126378.0
2016-08-02,106.521,106.721,107.321,105.801,73091.0
2016-08-03,106.201,105.081,106.401,103.721,123539.0
2016-08-04,105.121,105.081,105.761,104.721,76551.0
2016-08-05,105.601,107.601,108.001,104.841,158274.0
2016-08-08,108.001,108.601,109.401,107.081,142965.0
2016-08-09,108.241,108.281,108.921,107.361,108663.0
2016-08-10,108.321,107.561,109.201,107.441,108569.0
2016-08-11,107.641,105.401,107.641,105.241,91380.0
2016-08-12,105.601,105.841,106.521,104.881,82398.0
2016-08-15,105.921,107.361,108.481,105.201,149177.0
2016-08-16,107.441,109.041,109.401,106.801,183488.0
2016-08-17,109.321,110.201,110.921,108.081,172824.0
2016-08-18,109.761,109.201,109.961,108.601,112519.0
2016-08-19,109.681,108.481,109.801,108.081,90184.0
2016-08-22,108.561,106.681,109.081,106.681,87550.0
2016-08-23,106.201,106.241,107.161,105.921,63786.0
2016-08-24,106.521,106.481,107.281,105.881,61586.0
2016-08-25,106.521,106.041,106.561,105.081,68424.0
2016-08-26,106.801,106.281,106.801,105.801,55720.0
2016-08-29,106.401,108.001,108.041,105.801,96889.0
2016-08-30,108.001,108.041,108.841,107.841,95234.0
2016-08-31,108.321,106.921,108.321,106.641,64610.0
2016-09-01,107.001,106.001,107.601,105.921,49687.0
2016-09-02,105.921,105.481,106.521,105.201,49426.0
2016-09-05,105.921,105.441,106.361,105.361,39901.0
2016-09-06,105.441,105.921,106.081,104.201,62886.0
2016-09-07,106.001,105.401,106.201,105.241,62220.0
2016-09-08,105.401,105.321,105.481,104.521,68406.0
2016-09-09,105.041,104.561,105.161,104.441,48019.0
2016-09-12,103.001,100.841,103.081,100.201,108365.0
2016-09-13,101.001,100.441,101.401,100.081,46307.0
2016-09-14,100.161,99.481,100.561,99.321,38699.0
2016-09-19,99.761,102.481,102.721,99.721,67878.0
2016-09-20,102.761,101.001,102.801,100.881,44673.0
2016-09-21,101.001,100.801,101.721,100.601,30665.0
2016-09-22,101.241,101.121,101.721,100.841,45404.0
2016-09-23,101.361,100.041,101.361,99.841,42395.0
2016-09-26,100.081,97.201,100.081,97.201,57891.0
2016-09-27,97.081,97.561,97.841,96.841,32495.0
2016-09-28,97.441,98.081,98.921,97.441,45340.0
2016-09-29,98.161,98.041,98.401,97.681,31208.0
2016-09-30,98.121,98.721,98.921,97.601,35302.0
2016-10-10,99.441,102.001,102.001,99.041,72987.0
2016-10-11,101.601,102.401,102.841,101.001,67896.0
2016-10-12,102.201,101.001,102.201,100.361,83452.0
2016-10-13,100.801,100.801,100.921,99.801,65903.0
2016-10-14,100.561,101.081,101.321,99.921,60301.0
2016-10-17,101.001,100.281,101.561,100.081,57596.0
2016-10-18,100.281,102.281,102.401,100.281,89508.0
2016-10-19,102.921,103.081,103.201,101.961,78759.0
2016-10-20,103.001,101.881,103.001,101.641,91259.0
2016-10-21,102.041,101.041,102.681,100.521,76270.0
2016-10-24,101.201,101.681,102.121,101.041,65274.0
2016-10-25,101.841,101.481,101.961,101.281,54481.0
2016-10-26,101.481,101.641,102.401,100.761,81023.0
2016-10-27,101.601,100.841,101.601,100.441,54677.0
2016-10-28,100.961,100.241,101.321,100.241,47283.0
2016-10-31,100.361,99.801,100.441,99.041,49703.0
2016-11-01,99.601,100.441,100.721,99.601,49783.0
2016-11-02,100.121,100.681,101.641,99.881,75864.0
2016-11-03,100.241,100.921,101.641,100.241,80740.0
2016-11-04,101.121,100.641,101.441,100.041,58901.0
2016-11-07,100.721,100.441,101.201,100.201,48604.0
2016-11-08,100.521,99.921,100.801,99.641,79838.0
2016-11-09,99.681,98.401,100.481,97.801,79515.0
2016-11-10,98.921,99.081,99.561,98.841,53318.0
2016-11-11,99.041,100.521,100.801,98.721,102063.0
2016-11-14,101.001,102.161,102.761,100.481,147093.0
2016-11-15,101.761,101.841,102.681,101.401,69012.0
2016-11-16,102.281,101.801,102.281,101.401,59700.0
2016-11-17,101.841,101.161,101.961,100.841,39548.0
2016-11-18,101.001,100.601,101.561,100.521,60696.0
2016-11-21,100.961,100.681,101.521,100.561,49434.0
2016-11-22,100.681,100.721,101.241,99.961,55331.0
2016-11-23,100.801,100.481,101.081,100.161,45944.0
2016-11-24,100.721,101.761,102.521,100.481,111439.0
2016-11-25,101.761,100.601,101.761,99.201,82280.0
2016-11-28,100.961,101.721,102.801,100.081,118751.0
2016-11-29,101.441,102.081,102.521,101.241,111994.0
2016-11-30,101.921,101.201,102.281,101.001,82779.0
2016-12-01,101.601,101.481,102.001,101.001,62842.0
2016-12-02,101.561,99.841,101.561,99.721,81314.0
2016-12-05,99.361,100.001,100.921,99.001,53169.0
2016-12-06,100.081,100.321,100.681,100.081,32874.0
2016-12-07,100.521,101.281,101.361,100.161,53907.0
2016-12-08,101.561,101.721,102.001,101.081,81264.0
2016-12-09,101.801,101.441,101.961,101.001,74559.0
2016-12-12,101.401,99.481,101.561,99.361,88738.0
2016-12-13,99.881,100.481,100.721,98.601,49609.0
2016-12-14,100.601,98.841,100.721,98.761,51925.0
2016-12-15,98.161,98.801,99.761,98.001,37785.0
2016-12-16,98.881,99.521,100.041,98.841,34348.0
2016-12-19,99.361,99.001,99.921,98.961,41692.0
2016-12-20,99.001,96.601,99.401,96.241,89586.0
2016-12-21,96.721,97.561,99.161,96.721,84029.0
2016-12-22,97.561,97.201,97.801,96.481,56720.0
2016-12-23,97.001,96.401,97.281,96.361,32769.0
2016-12-26,96.201,95.521,96.401,94.601,50171.0
2016-12-27,95.481,94.161,96.121,94.001,65170.0
2016-12-28,94.081,92.121,94.121,92.081,86496.0
2016-12-29,92.121,93.441,93.761,91.401,55612.0
2016-12-30,92.681,94.121,94.561,92.641,46477.0
2017-01-03,93.601,94.281,96.041,93.601,84996.0
2017-01-04,94.601,95.801,96.001,94.361,62944.0
2017-01-05,96.041,95.441,96.361,95.401,47065.0
2017-01-06,95.441,95.681,96.401,94.881,49138.0
2017-01-09,95.681,94.801,96.001,94.241,29551.0
2017-01-10,95.241,96.321,96.401,95.001,53902.0
2017-01-11,96.121,95.041,96.561,94.921,45528.0
2017-01-12,95.121,94.281,95.401,94.201,38480.0
2017-01-13,95.201,93.561,95.561,93.321,39500.0
2017-01-16,93.441,92.601,94.041,91.081,60205.0
2017-01-17,92.641,93.001,93.601,91.841,33761.0
2017-01-18,93.001,94.401,95.321,92.761,55457.0
2017-01-19,94.441,95.321,95.721,94.201,42458.0
2017-01-20,95.481,96.401,96.681,95.481,44871.0
2017-01-23,96.361,96.001,96.961,95.521,44655.0
2017-01-24,96.201,97.721,98.241,95.841,84577.0
2017-01-25,97.241,97.521,98.041,96.841,32689.0
2017-01-26,97.761,96.841,98.121,96.841,36860.0
2017-02-03,96.601,95.401,96.601,95.201,35242.0
2017-02-06,95.401,96.121,97.801,95.201,49473.0
2017-02-07,96.401,96.881,97.001,95.801,42816.0
2017-02-08,96.801,96.201,96.801,95.721,45061.0
2017-02-09,96.201,96.441,96.721,95.921,40791.0
2017-02-10,96.441,97.321,97.801,96.321,60663.0
2017-02-13,97.321,98.801,98.801,96.841,72775.0
2017-02-14,98.801,97.801,98.801,97.801,45726.0
2017-02-15,98.121,97.241,98.561,97.041,50388.0
2017-02-16,97.041,97.961,98.161,97.041,32349.0
2017-02-17,98.081,98.081,98.441,97.481,35121.0
2017-02-20,98.241,101.961,102.481,98.241,137807.0
2017-02-21,101.881,106.401,107.001,101.441,197679.0
2017-02-22,106.801,106.321,106.961,104.521,115951.0
2017-02-23,105.721,105.761,106.201,104.481,83918.0
2017-02-24,105.801,106.521,108.521,105.121,147435.0
2017-02-27,106.521,104.241,107.321,104.121,93010.0
2017-02-28,105.081,105.321,106.201,103.801,56751.0
2017-03-01,105.321,104.801,105.441,104.441,44251.0
2017-03-02,104.921,105.041,105.801,104.201,40395.0
2017-03-03,104.961,104.081,104.961,103.161,58379.0
2017-03-06,103.841,105.361,105.641,103.841,60814.0
2017-03-07,106.041,107.121,108.841,106.041,102725.0
2017-03-08,106.641,105.401,107.521,104.921,70682.0
2017-03-09,104.801,105.841,106.201,104.641,56558.0
2017-03-10,105.841,107.081,107.881,105.321,76874.0
2017-03-13,106.921,107.401,108.201,105.681,85845.0
2017-03-14,107.201,106.641,107.521,105.961,67200.0
2017-03-15,106.521,107.841,108.001,105.881,82400.0
2017-03-16,107.681,109.721,110.121,107.681,130673.0
2017-03-17,109.761,109.721,111.281,109.001,110103.0
2017-03-20,109.241,112.801,113.681,109.201,108356.0
2017-03-21,113.041,113.361,113.961,111.801,78233.0
2017-03-22,113.361,115.641,116.721,112.801,120380.0
2017-03-23,116.041,113.001,116.881,111.241,94019.0
2017-03-24,113.001,112.481,114.481,111.401,97792.0
2017-03-27,112.521,112.721,115.721,112.041,101052.0
2017-03-28,112.681,112.001,114.041,111.401,74629.0
2017-03-29,111.961,110.641,112.001,109.801,69869.0
2017-03-30,110.321,111.801,111.961,109.641,76938.0
2017-03-31,113.881,109.801,114.841,109.201,96612.0
2017-04-05,109.801,110.521,111.361,108.281,79162.0
2017-04-06,110.801,112.081,112.441,110.241,63331.0
2017-04-07,112.201,111.041,112.361,110.641,56856.0
2017-04-10,111.561,107.721,111.681,107.041,105917.0
2017-04-11,107.361,109.001,109.001,104.641,115990.0
2017-04-12,108.601,108.841,110.361,107.721,64727.0
2017-04-13,109.041,108.161,109.761,107.601,35679.0
2017-04-14,108.161,109.201,109.441,108.161,44238.0
2017-04-17,109.201,106.201,109.241,105.081,75732.0
2017-04-18,106.121,107.001,108.761,105.441,52522.0
2017-04-19,106.401,107.481,108.641,105.801,57301.0
2017-04-20,107.881,108.081,108.601,107.001,41677.0
2017-04-21,108.401,110.801,111.481,108.121,85181.0
2017-04-24,110.841,106.001,111.361,105.601,77366.0
2017-04-25,106.201,106.841,107.641,105.841,42790.0
2017-04-26,107.881,113.041,115.361,107.881,162454.0
2017-04-27,114.041,113.481,114.201,110.641,78075.0
2017-04-28,113.481,112.601,114.081,111.921,58284.0
2017-05-02,111.881,112.681,114.161,111.641,65126.0
2017-05-03,112.641,112.681,114.401,111.801,66841.0
2017-05-04,111.841,113.041,113.361,111.081,55160.0
2017-05-05,112.801,112.161,113.721,111.761,59933.0
2017-05-08,111.041,102.121,111.041,101.841,161245.0
2017-05-09,102.601,105.721,106.481,100.201,91808.0
2017-05-10,105.081,102.361,105.681,101.641,53534.0
2017-05-11,102.201,102.001,102.921,100.641,35526.0
2017-05-12,102.401,101.601,102.401,99.881,49200.0
2017-05-15,101.121,99.481,101.721,99.241,53998.0
2017-05-16,99.401,99.521,99.561,96.641,71986.0
2017-05-17,99.521,100.881,101.801,98.801,62961.0
2017-05-18,100.881,101.001,101.881,100.001,35199.0
2017-05-19,101.561,100.321,101.561,100.281,28924.0
2017-05-22,100.321,98.121,100.481,97.521,48850.0
2017-05-23,97.721,95.881,98.761,95.681,76875.0
2017-05-24,95.721,93.801,95.721,92.601,81365.0
2017-05-25,93.801,95.761,95.881,93.201,47981.0
2017-05-26,94.681,97.321,98.001,94.681,53481.0
2017-05-31,97.281,97.601,100.201,96.401,39138.0
2017-06-01,97.721,96.041,97.721,95.761,29453.0
2017-06-02,95.761,95.801,96.761,95.401,29214.0
2017-06-05,96.161,97.681,98.001,95.841,35986.0
2017-06-06,97.601,100.001,100.441,97.041,55078.0
2017-06-07,100.001,101.841,102.761,99.401,61686.0
2017-06-08,101.721,101.921,102.401,101.041,30088.0
2017-06-09,101.841,103.361,104.401,101.841,63418.0
2017-06-12,104.001,102.801,104.161,102.521,39033.0
2017-06-13,103.201,104.041,104.401,103.201,40837.0
2017-06-14,104.401,105.201,105.801,103.001,54586.0
2017-06-15,105.201,103.721,105.201,103.161,56496.0
2017-06-16,103.401,103.681,104.521,102.841,28645.0
2017-06-19,104.001,104.601,105.561,103.401,33913.0
2017-06-20,104.641,106.361,106.601,104.241,46299.0
2017-06-21,106.681,106.241,108.401,105.801,48543.0
2017-06-22,106.241,106.281,108.681,105.601,48163.0
2017-06-23,106.281,106.561,108.201,105.761,43864.0
2017-06-26,106.561,107.441,107.801,105.801,30955.0
2017-06-27,107.721,106.161,107.721,106.121,37611.0
2017-06-28,106.161,105.241,107.401,104.841,35323.0
2017-06-29,105.241,106.601,107.361,105.241,39851.0
2017-06-30,107.041,109.881,111.001,107.041,63729.0
2017-07-03,109.961,109.121,110.121,107.801,74138.0
2017-07-04,109.201,111.881,112.921,109.161,97883.0
2017-07-05,112.001,111.961,113.001,111.321,56960.0
2017-07-06,111.401,113.641,114.401,110.801,90759.0
2017-07-07,113.801,115.361,115.761,113.481,82571.0
2017-07-10,115.441,120.281,125.001,115.401,196471.0
2017-07-11,120.685,118.765,120.685,116.205,109826.0
2017-07-12,117.565,119.645,121.365,116.965,94642.0
2017-07-13,118.565,121.165,121.165,118.405,72463.0
2017-07-14,121.565,119.405,122.645,117.005,86528.0
2017-07-17,119.405,112.845,119.405,112.165,109014.0
2017-07-18,112.965,115.445,115.685,111.725,74598.0
2017-07-19,115.485,116.965,118.085,114.285,81802.0
2017-07-20,117.085,117.405,120.445,116.805,83291.0
2017-07-21,117.565,118.565,118.885,117.485,65240.0
2017-07-24,119.245,120.365,121.085,117.765,73063.0
2017-07-25,120.605,118.005,120.965,117.765,68114.0
2017-07-26,118.085,114.965,118.565,113.965,83697.0
2017-07-27,115.725,115.045,115.725,114.005,57268.0
2017-07-28,115.045,118.045,118.765,114.765,68725.0
2017-07-31,118.085,117.565,118.165,115.805,71542.0
2017-08-01,117.445,113.765,117.485,112.805,128059.0
2017-08-02,113.805,114.845,115.245,113.245,52489.0
2017-08-03,114.925,113.365,114.965,112.205,62537.0
2017-08-04,113.565,115.765,116.205,112.805,60311.0
2017-08-07,115.765,120.565,122.445,114.965,128755.0
2017-08-08,121.325,132.245,132.245,119.125,288690.0
2017-08-09,134.085,132.725,134.965,129.845,177499.0
2017-08-10,131.365,130.085,131.965,126.965,131168.0
2017-08-11,128.325,132.925,134.405,127.005,162496.0
2017-08-14,131.885,135.205,135.365,128.725,110119.0
2017-08-15,134.565,133.365,135.125,131.365,79048.0
2017-08-16,132.205,132.005,134.205,129.925,71805.0
2017-08-17,133.285,131.965,133.445,130.565,50127.0
2017-08-18,131.085,130.685,133.045,129.365,48840.0
2017-08-21,130.765,129.485,131.565,128.965,50154.0
2017-08-22,130.565,138.765,141.685,129.845,139805.0
2017-08-23,138.085,137.925,140.885,135.405,73420.0
2017-08-24,137.925,144.405,144.445,137.645,110219.0
2017-08-25,143.565,146.525,148.565,140.885,101972.0
2017-08-28,144.445,156.085,159.405,144.085,144960.0
2017-08-29,154.165,152.285,157.645,152.085,78639.0
2017-08-30,152.765,166.925,167.125,152.765,155612.0
2017-08-31,166.925,170.845,173.765,163.165,95571.0
2017-09-01,170.565,172.805,175.725,166.245,113390.0
2017-09-04,173.685,166.605,173.765,166.205,105592.0
2017-09-05,167.365,166.645,171.325,164.965,69954.0
2017-09-06,168.805,168.165,170.405,166.005,56113.0
2017-09-07,166.965,163.765,168.245,163.085,81370.0
2017-09-08,164.805,165.565,165.765,160.765,71852.0
2017-09-11,163.485,164.405,170.725,163.085,73293.0
2017-09-12,163.685,158.405,164.965,156.965,99380.0
2017-09-13,159.685,160.525,162.565,158.605,51266.0
2017-09-14,162.205,161.565,165.645,161.565,62851.0
2017-09-15,161.445,161.285,163.365,158.165,38979.0
2017-09-18,161.245,161.005,163.685,159.325,51027.0
2017-09-19,161.045,158.085,163.165,157.765,60843.0
2017-09-20,158.045,154.805,158.085,152.285,81711.0
2017-09-21,155.365,155.205,156.245,153.365,30014.0
2017-09-22,155.085,150.925,155.085,150.645,58532.0
2017-09-25,150.405,152.725,155.765,148.245,62550.0
2017-09-26,153.085,150.925,156.165,150.205,44363.0
2017-09-27,151.725,151.645,153.685,149.885,37586.0
2017-09-28,151.765,148.725,152.205,148.245,40273.0
2017-09-29,149.685,152.045,152.165,149.245,42184.0
2017-10-09,154.165,155.685,157.925,150.925,90252.0
2017-10-10,155.565,163.405,163.605,155.285,92765.0
2017-10-11,163.365,164.445,167.285,162.365,68529.0
2017-10-12,165.165,162.405,165.165,161.245,39826.0
2017-10-13,161.365,157.965,161.565,157.405,79490.0
2017-10-16,158.045,158.805,161.485,157.365,68872.0
2017-10-17,159.325,163.645,164.645,158.565,67115.0
2017-10-18,159.765,158.165,161.245,155.765,82239.0
2017-10-19,157.565,160.605,163.165,156.245,68520.0
2017-10-20,160.965,162.445,163.765,158.405,53686.0
2017-10-23,161.725,172.365,172.365,161.445,120361.0
2017-10-24,171.765,172.085,175.605,170.165,65092.0
2017-10-25,172.165,178.765,179.205,169.085,82589.0
2017-10-26,177.765,176.765,184.965,176.245,89449.0
2017-10-27,177.325,182.165,183.205,174.565,69202.0
2017-10-30,182.165,183.005,186.965,179.245,78440.0
2017-10-31,183.005,192.125,192.725,180.885,98559.0
2017-11-01,191.765,190.485,199.725,187.525,115318.0
2017-11-02,190.005,188.725,195.365,184.645,69436.0
2017-11-03,188.685,193.765,194.165,185.085,74885.0
2017-11-06,189.485,197.205,197.285,184.965,112739.0
2017-11-07,196.885,196.365,199.645,194.205,48859.0
2017-11-08,196.405,191.405,197.845,190.965,66515.0
2017-11-09,191.245,185.925,191.245,183.765,74623.0
2017-11-10,186.925,192.525,195.365,185.765,69250.0
2017-11-13,192.885,189.685,195.725,187.045,73829.0
2017-11-14,189.805,197.045,198.285,188.685,81495.0
2017-11-15,196.925,191.245,198.085,188.245,62367.0
2017-11-16,191.685,210.005,210.005,191.325,151142.0
2017-11-17,211.765,213.365,220.085,209.365,155885.0
2017-11-20,212.845,222.965,225.725,208.165,97291.0
2017-11-21,224.165,222.925,228.125,219.445,78514.0
2017-11-22,222.525,215.765,225.965,213.285,84123.0
2017-11-23,217.765,207.365,217.765,203.805,65878.0
2017-11-24,207.365,204.685,210.725,202.405,46521.0
2017-11-27,204.685,196.765,209.365,195.765,80493.0
2017-11-28,198.965,209.365,211.125,197.045,77055.0
2017-11-29,211.285,210.685,216.565,207.005,61001.0
2017-11-30,211.205,191.565,212.485,190.005,113586.0
2017-12-01,190.725,192.045,197.325,188.885,68159.0
2017-12-04,192.565,201.485,205.605,192.405,67476.0
2017-12-05,202.125,200.565,207.085,197.765,40079.0
2017-12-06,200.565,209.205,212.445,200.565,95276.0
2017-12-07,207.845,205.525,208.125,202.245,53400.0
2017-12-08,206.645,216.045,216.645,206.605,102723.0
2017-12-11,216.205,219.365,221.245,214.285,77751.0
2017-12-12,218.525,216.405,218.525,214.525,56988.0
2017-12-13,215.725,216.965,220.445,214.685,40156.0
2017-12-14,216.365,217.365,221.805,214.325,50918.0
2017-12-15,217.365,216.605,220.205,213.765,42524.0
2017-12-18,217.965,209.845,218.365,208.885,48973.0
2017-12-19,209.925,212.925,214.085,206.565,46821.0
2017-12-20,213.365,223.045,223.125,211.765,78336.0
2017-12-21,222.165,223.565,224.885,217.765,56895.0
2017-12-22,221.805,222.365,224.885,218.365,43959.0
2017-12-25,223.365,218.245,229.325,218.205,71980.0
2017-12-26,217.085,220.205,221.165,212.165,41973.0
2017-12-27,216.885,213.165,220.125,212.165,49517.0
2017-12-28,214.525,216.445,218.965,213.165,35982.0
2017-12-29,217.525,215.205,219.725,212.205,36961.0
2018-01-02,215.765,215.485,216.685,210.405,48142.0
2018-01-03,212.685,214.405,217.165,212.685,53236.0
2018-01-04,214.405,214.205,214.405,210.965,53243.0
2018-01-05,214.165,219.085,222.365,212.645,69388.0
2018-01-08,223.365,240.605,240.605,222.245,143311.0
2018-01-09,243.765,242.205,243.765,236.365,100238.0
2018-01-10,240.285,241.085,244.445,237.085,62233.0
2018-01-11,240.565,238.485,240.565,235.765,41566.0
2018-01-12,237.005,239.605,243.165,236.965,53561.0
2018-01-15,239.765,231.965,242.045,230.685,62965.0
2018-01-16,232.445,250.565,254.725,232.445,92237.0
2018-01-17,247.925,248.965,253.925,243.805,67899.0
2018-01-18,249.245,245.165,251.725,243.045,52256.0
2018-01-19,243.925,243.565,248.685,237.285,44283.0
2018-01-22,242.565,250.205,252.485,242.445,37390.0
2018-01-23,249.365,252.645,255.285,249.285,42407.0
2018-01-24,253.965,250.525,254.885,247.765,29588.0
2018-01-25,249.765,248.965,254.165,248.525,30459.0
2018-01-26,249.325,248.885,249.405,244.045,43673.0
2018-01-29,249.165,244.965,251.085,243.285,29678.0
2018-01-30,243.005,241.805,246.485,240.885,28393.0
2018-01-31,240.485,242.365,243.165,232.845,58455.0
2018-02-01,241.645,220.965,241.645,218.525,113748.0
2018-02-02,218.685,225.205,225.765,209.005,69869.0
2018-02-05,225.005,217.605,229.885,211.805,92025.0
2018-02-06,209.285,204.885,214.965,204.845,67197.0
2018-02-07,208.765,196.885,211.645,190.085,64271.0
2018-02-08,196.165,204.485,208.565,194.285,45304.0
2018-02-09,196.965,198.965,203.285,188.485,36897.0
2018-02-12,203.765,207.765,209.965,198.165,58326.0
2018-02-13,207.805,206.645,212.165,203.965,40856.0
2018-02-14,204.565,208.965,211.725,203.805,23759.0
2018-02-22,211.765,213.045,218.085,209.685,32699.0
2018-02-23,212.805,215.365,218.085,210.405,41836.0
2018-02-26,214.525,205.485,214.525,200.165,120096.0
2018-02-27,203.765,196.765,203.765,194.285,90062.0
2018-02-28,196.765,198.645,203.765,193.365,37491.0
2018-03-01,196.885,198.725,199.645,194.205,31682.0
2018-03-02,196.965,198.285,199.525,196.565,26686.0
2018-03-05,197.765,191.725,197.765,190.965,48439.0
2018-03-06,190.165,188.285,193.565,172.965,98092.0
2018-03-07,188.085,194.885,195.245,187.765,86128.0
2018-03-08,194.885,194.805,197.485,192.085,45326.0
2018-03-09,195.485,202.285,202.885,194.045,67000.0
2018-03-12,203.565,203.165,205.285,200.165,54231.0
2018-03-13,202.005,205.205,208.765,200.205,58020.0
2018-03-14,204.765,199.845,204.765,199.205,37085.0
2018-03-15,198.445,199.565,202.885,197.765,36134.0
2018-03-16,198.125,202.645,206.445,198.125,41267.0
2018-03-19,205.325,193.165,205.325,192.765,59161.0
2018-03-20,189.165,194.725,199.685,189.165,32565.0
2018-03-21,194.485,195.365,198.885,193.605,30446.0
2018-03-22,195.765,190.565,197.645,190.525,31944.0
2018-03-23,189.605,191.725,200.885,187.005,94239.0
2018-03-26,192.165,191.645,193.285,173.485,72052.0
2018-03-27,192.525,191.445,193.965,188.165,49362.0
2018-03-28,191.165,185.165,191.325,182.365,53277.0
2018-03-29,185.045,185.685,193.125,180.245,38674.0
2018-03-30,185.605,184.885,187.565,183.965,28068.0
2018-04-02,188.885,192.645,194.085,186.725,64896.0
2018-04-03,194.645,200.765,207.325,194.485,100412.0
2018-04-04,203.965,202.605,204.485,197.805,61513.0
2018-04-09,202.605,195.765,203.765,192.965,56197.0
2018-04-10,195.685,191.765,195.685,187.765,31464.0
2018-04-11,192.005,208.805,210.445,191.965,99086.0
2018-04-12,207.165,208.485,211.565,203.165,77113.0
2018-04-13,207.405,209.285,209.925,204.925,41677.0
2018-04-16,207.765,207.845,209.965,204.165,27897.0
2018-04-17,207.365,205.765,209.365,205.525,21069.0
2018-04-18,208.365,205.085,208.365,198.245,23513.0
2018-04-19,207.285,202.285,208.325,201.365,25654.0
2018-04-20,201.765,199.765,204.165,199.405,21587.0
2018-04-23,199.685,193.485,201.725,190.845,29069.0
2018-04-24,192.845,196.485,196.605,192.645,25842.0
2018-04-25,195.765,195.085,197.205,193.765,16042.0
2018-04-26,191.885,191.805,195.765,191.485,17300.0
2018-04-27,192.125,194.805,198.445,190.125,30255.0
2018-05-02,194.325,194.045,198.365,188.765,19450.0
2018-05-03,192.565,194.965,195.605,192.125,11158.0
2018-05-04,195.765,201.125,202.885,194.925,29315.0
2018-05-07,198.925,201.405,202.925,198.925,22629.0
2018-05-08,201.365,202.365,205.525,200.005,22254.0
2018-05-09,202.365,203.925,207.645,201.365,26955.0
2018-05-10,202.165,202.125,207.285,199.365,26714.0
2018-05-11,203.965,205.765,207.125,203.965,33102.0
2018-05-14,206.965,210.925,213.725,204.285,55134.0
2018-05-15,212.485,211.485,213.525,208.165,42581.0
2018-05-16,211.485,212.245,214.045,207.885,39739.0
2018-05-17,212.485,213.285,217.365,211.165,38906.0
2018-05-18,214.045,218.085,218.765,212.405,45267.0
2018-05-21,215.965,206.405,215.965,204.965,106078.0
2018-05-22,206.965,217.525,218.965,206.405,61030.0
2018-05-23,218.765,214.965,222.405,214.285,57323.0
2018-05-24,214.245,220.085,224.525,214.245,44412.0
2018-05-25,221.765,224.765,228.445,220.565,38143.0
2018-05-28,227.565,221.645,230.765,217.085,38714.0
2018-05-29,220.805,213.645,220.805,211.885,56941.0
2018-05-30,212.965,213.525,216.565,208.685,32431.0
2018-05-31,213.405,214.565,218.525,210.365,38749.0
2018-06-01,214.725,211.005,217.725,208.405,23794.0
2018-06-04,211.005,207.365,212.125,201.845,34647.0
2018-06-05,205.965,210.925,211.285,205.965,21136.0
2018-06-06,210.565,212.805,214.685,206.765,24634.0
2018-06-07,211.765,210.565,211.765,207.965,21784.0
2018-06-08,211.485,205.965,211.485,203.605,26314.0
2018-06-11,205.685,204.645,205.965,201.845,20081.0
2018-06-12,204.365,205.085,205.965,202.565,13743.0
2018-06-13,204.005,205.605,210.085,203.965,19193.0
2018-06-14,204.525,202.565,206.165,202.205,15547.0
2018-06-15,202.965,199.005,205.205,194.925,32854.0
2018-06-19,199.005,191.525,203.605,188.045,34690.0
2018-06-20,189.765,191.365,192.485,188.285,19733.0
2018-06-21,192.165,184.045,192.565,183.885,34223.0
2018-06-22,184.005,184.245,184.805,175.205,27945.0
2018-06-25,184.685,178.645,184.965,178.405,26587.0
2018-06-26,175.765,173.685,177.765,172.085,29777.0
2018-06-27,176.165,178.565,188.165,176.165,52103.0
2018-06-28,178.885,177.325,184.925,174.565,32099.0
2018-06-29,177.325,181.605,181.765,175.845,36069.0
2018-07-02,181.765,180.685,183.685,179.405,29647.0
2018-07-03,179.253,174.789,180.765,169.245,54818.0
2018-07-04,174.789,167.805,177.165,165.789,53862.0
2018-07-05,169.029,162.477,172.773,160.893,51909.0
2018-07-06,164.709,164.349,166.365,160.389,45961.0
2018-07-09,171.765,177.381,179.109,168.597,80839.0
2018-07-10,174.285,183.429,185.517,174.285,80749.0
2018-07-11,179.325,190.125,194.085,176.445,132804.0
2018-07-12,190.125,189.045,193.005,186.669,90935.0
2018-07-13,186.741,191.925,193.725,186.741,72424.0
2018-07-16,191.637,198.333,198.621,190.629,75447.0
2018-07-17,197.829,200.637,202.221,195.165,61995.0
2018-07-18,200.205,198.189,202.005,198.045,38465.0
2018-07-19,198.045,199.773,200.925,192.213,46928.0
2018-07-20,199.773,196.245,201.645,194.805,43979.0
2018-07-23,198.405,208.341,209.421,198.405,83657.0
2018-07-24,208.341,205.965,208.773,203.949,62909.0
2018-07-25,204.525,202.869,205.605,200.565,43279.0
2018-07-26,203.661,203.301,205.245,200.925,36108.0
2018-07-27,201.645,195.525,202.797,195.165,54269.0
2018-07-30,197.325,195.165,200.205,194.157,43653.0
2018-07-31,197.325,198.909,200.781,196.605,35467.0
2018-08-01,198.981,193.077,200.925,192.645,55337.0
2018-08-02,194.085,193.077,196.245,188.541,51774.0
2018-08-03,195.165,202.293,208.125,195.165,157140.0
2018-08-06,200.205,185.157,200.925,183.501,127141.0
2018-08-07,182.853,185.301,188.469,175.725,83674.0
2018-08-08,184.005,179.613,184.725,179.397,42841.0
2018-08-09,179.325,182.061,184.797,176.733,38604.0
2018-08-10,182.061,187.965,191.349,181.989,63928.0
2018-08-13,185.661,188.757,191.853,183.573,43410.0
2018-08-14,189.405,188.901,190.125,185.301,30753.0
2018-08-15,187.965,187.101,190.197,186.021,38493.0
2018-08-16,184.941,176.805,185.517,175.581,88401.0
2018-08-17,171.405,167.877,180.693,165.789,110086.0
2018-08-20,166.365,159.237,166.365,153.405,106649.0
2018-08-21,160.605,165.933,166.509,160.605,50816.0
2018-08-22,166.797,166.581,170.541,163.917,36525.0
2018-08-23,169.101,168.165,171.405,165.213,50659.0
2018-08-24,167.445,169.101,170.253,159.885,33883.0
2018-08-27,169.965,172.125,175.653,165.429,55166.0
2018-08-28,172.485,171.837,173.565,170.757,32383.0
2018-08-29,171.765,172.485,173.997,171.045,23687.0
2018-08-30,170.685,170.685,173.133,170.541,23635.0
2018-08-31,169.245,171.837,172.053,168.669,26789.0
2018-09-03,171.837,171.261,172.053,167.229,21690.0
2018-09-04,171.189,169.245,171.189,166.509,33137.0
2018-09-05,169.245,164.853,169.245,164.277,29395.0
2018-09-06,166.365,169.317,170.253,164.997,40256.0
2018-09-07,169.245,171.405,173.709,169.173,42718.0
2018-09-10,172.557,175.365,176.085,170.325,55327.0
2018-09-11,175.293,175.365,175.437,171.045,39834.0
2018-09-12,174.141,172.125,174.861,171.333,34535.0
2018-09-13,172.629,171.189,173.565,169.965,17205.0
2018-09-14,170.973,171.693,172.629,170.037,33354.0
2018-09-17,164.853,160.461,167.589,159.021,60385.0
2018-09-18,159.021,163.629,164.637,159.021,39047.0
2018-09-19,163.701,168.021,170.109,163.485,53609.0
2018-09-20,168.525,169.029,173.637,168.093,39588.0
2018-09-21,170.613,170.541,172.053,167.085,43293.0
2018-09-25,170.397,175.797,178.965,168.237,76614.0
2018-09-26,176.301,185.805,187.965,176.301,103837.0
2018-09-27,185.301,185.589,189.117,181.485,66176.0
2018-09-28,185.085,185.805,187.677,182.853,53688.0
2018-10-08,185.805,186.813,190.197,182.997,66927.0
2018-10-09,183.861,187.101,188.037,183.789,52755.0
2018-10-10,187.317,189.693,191.565,186.669,50231.0
2018-10-11,185.805,183.213,189.621,182.925,51854.0
2018-10-12,182.925,190.125,190.701,181.197,67023.0
2018-10-15,189.837,187.605,190.845,185.085,34264.0
2018-10-16,187.605,183.645,188.973,181.917,37510.0
2018-10-17,182.565,185.877,187.605,182.565,24996.0
2018-10-18,184.437,179.973,185.949,179.397,29237.0
2018-10-19,178.605,179.325,182.709,171.405,73804.0
2018-10-22,180.765,181.269,186.525,180.405,70256.0
2018-10-23,180.765,173.349,184.077,172.845,100904.0
2018-10-24,174.645,177.813,180.045,173.493,82952.0
2018-10-25,174.789,177.885,179.253,173.637,39250.0
2018-10-26,178.245,175.149,179.181,174.573,35505.0
2018-10-29,173.493,169.245,176.013,168.957,42037.0
2018-10-30,168.741,169.389,171.909,164.277,38486.0
2018-10-31,169.533,171.405,172.989,167.157,36948.0
2018-11-01,173.925,167.805,173.925,166.437,84536.0
2018-11-02,170.901,172.917,173.349,169.245,66835.0
2018-11-05,172.845,176.301,176.445,170.829,65557.0
2018-11-06,178.605,183.501,183.861,176.229,90766.0
2018-11-07,181.845,187.605,188.973,179.973,80444.0
2018-11-08,187.893,193.005,193.653,185.877,73712.0
2018-11-09,190.845,189.909,193.581,187.893,56395.0
2018-11-12,190.053,190.557,193.293,187.173,35315.0
2018-11-13,189.117,191.277,192.717,188.685,46637.0
2018-11-14,190.845,190.125,191.349,189.117,34293.0
2018-11-15,190.845,191.565,193.149,189.909,49636.0
2018-11-16,192.789,193.797,194.445,189.405,52523.0
2018-11-19,193.725,188.037,193.725,185.301,83810.0
2018-11-20,186.957,182.781,186.957,179.757,70601.0
2018-11-21,179.685,186.525,187.677,179.325,53047.0
2018-11-22,186.237,182.925,187.965,181.413,58522.0
2018-11-23,182.349,181.557,186.165,179.613,60931.0
2018-11-26,180.549,182.133,185.445,180.549,55175.0
2018-11-27,183.861,181.413,184.725,178.749,40898.0
2018-11-28,180.189,184.581,186.093,177.669,51528.0
2018-11-29,184.581,191.421,194.301,184.581,108114.0
2018-11-30,191.637,200.997,201.789,191.637,143423.0
2018-12-03,200.421,205.533,211.725,196.029,127173.0
2018-12-04,203.445,212.445,213.093,203.445,109547.0
2018-12-05,210.213,223.317,226.845,208.701,156471.0
2018-12-06,224.181,223.389,225.981,218.205,122663.0
2018-12-07,221.805,219.789,222.309,213.309,97336.0
2018-12-10,221.013,218.853,222.309,215.325,77978.0
2018-12-11,219.645,213.453,220.005,210.357,139621.0
2018-12-12,214.677,212.805,215.253,210.501,87876.0
2018-12-13,213.885,215.325,217.485,208.341,150268.0
2018-12-14,214.893,208.053,216.405,207.333,100760.0
2018-12-17,208.845,205.245,210.213,203.445,94623.0
2018-12-18,206.829,206.829,209.565,204.237,103149.0
2018-12-19,206.685,198.765,207.333,198.045,111459.0
2018-12-20,199.701,205.677,206.325,199.485,106412.0
2018-12-21,204.525,202.149,206.253,201.069,70295.0
2018-12-24,203.013,216.333,217.629,201.213,132383.0
2018-12-25,212.733,214.101,218.205,212.517,108208.0
2018-12-26,214.101,213.525,220.365,212.805,93729.0
2018-12-27,216.693,210.789,216.693,208.989,70003.0
2018-12-28,208.989,213.525,215.109,208.917,64103.0
2019-01-02,213.237,215.397,218.925,208.989,82931.0
2019-01-03,217.701,212.445,220.149,211.365,72692.0
2019-01-04,211.365,221.085,224.541,211.293,118397.0
2019-01-07,221.013,233.469,234.981,218.205,121909.0
2019-01-08,229.797,230.229,234.405,226.269,105032.0
2019-01-09,230.301,226.845,234.405,226.341,112249.0
2019-01-10,227.565,222.741,227.565,222.165,89917.0
2019-01-11,223.965,224.109,230.445,222.885,104503.0
2019-01-14,224.685,224.685,232.533,224.397,129827.0
2019-01-15,225.693,222.813,225.765,218.493,102653.0
2019-01-16,222.453,221.445,226.845,219.933,99698.0
2019-01-17,222.165,221.157,223.605,218.925,74506.0
2019-01-18,220.869,242.613,242.613,220.869,204303.0
2019-01-21,244.125,232.821,244.125,232.317,188815.0
2019-01-22,231.237,234.189,239.157,229.293,95959.0
2019-01-23,234.405,239.157,241.821,232.245,110286.0
2019-01-24,238.365,241.101,242.685,236.925,68091.0
2019-01-25,241.101,238.293,241.821,234.045,64574.0
2019-01-28,239.661,238.797,241.605,233.685,64431.0
2019-01-29,238.293,249.165,250.245,237.357,95757.0
2019-01-30,247.725,246.213,257.085,244.485,96011.0
2019-01-31,247.221,255.285,256.869,245.565,108466.0
2019-02-01,255.429,255.285,259.965,253.485,70731.0
2019-02-11,256.869,280.197,280.197,256.725,120625.0
2019-02-12,283.725,284.445,286.461,278.685,91883.0
2019-02-13,283.437,286.317,292.077,279.621,111604.0
2019-02-14,283.725,283.509,287.109,280.197,91907.0
2019-02-15,283.149,311.229,311.229,280.989,199243.0
2019-02-18,311.445,320.445,337.581,311.229,185464.0
2019-02-19,320.445,332.829,347.877,312.237,162301.0
2019-02-20,334.845,335.925,348.237,322.245,164044.0
2019-02-21,335.277,346.941,368.109,329.229,204642.0
2019-02-22,344.925,349.101,354.717,336.645,137048.0
2019-02-25,345.645,337.077,348.165,323.613,284108.0
2019-02-26,332.901,352.269,363.645,325.845,268044.0
2019-02-27,347.445,338.229,356.445,332.541,188930.0
2019-02-28,334.125,329.013,348.309,322.605,199208.0
2019-03-01,334.197,337.725,343.845,330.021,165017.0
2019-03-04,358.389,370.845,370.845,347.661,238846.0
2019-03-05,385.173,390.285,407.277,373.005,261489.0
2019-03-06,387.333,390.285,401.373,378.765,191429.0
2019-03-07,395.181,377.613,397.053,370.125,204769.0
2019-03-08,369.765,399.645,411.813,359.397,240379.0
2019-03-11,416.205,400.293,423.909,385.965,233981.0
2019-03-12,391.005,412.245,429.453,384.525,331630.0
2019-03-13,409.725,374.589,419.301,372.645,271393.0
2019-03-14,370.845,364.869,370.917,348.525,244951.0
2019-03-15,380.925,387.981,391.581,371.205,164200.0
2019-03-18,408.285,426.141,426.141,399.789,253395.0
2019-03-19,431.325,425.493,435.573,418.941,143020.0
2019-03-20,424.053,408.645,426.285,386.973,221185.0
2019-03-21,402.309,407.925,414.477,394.029,158788.0
2019-03-22,409.005,400.005,414.477,378.045,201739.0
2019-03-25,384.525,391.005,401.085,382.365,111065.0
2019-03-26,399.645,403.245,417.717,396.477,181121.0
2019-03-27,399.501,407.997,415.773,386.685,180950.0
2019-03-28,404.253,437.301,447.885,402.885,214665.0
2019-03-29,438.093,462.357,477.405,435.645,197315.0
2019-04-01,474.453,507.933,507.933,474.093,178193.0
2019-04-02,515.133,493.821,524.997,480.285,181097.0
2019-04-03,485.325,488.709,493.677,479.205,118560.0
2019-04-04,481.725,509.301,528.093,481.725,174538.0
2019-04-08,514.125,491.733,514.125,485.325,221893.0
2019-04-09,485.469,486.621,493.245,480.069,114703.0
2019-04-10,486.117,483.165,495.909,478.125,101466.0
2019-04-11,481.005,487.269,495.405,470.997,111320.0
2019-04-12,487.989,496.845,517.725,478.269,142071.0
2019-04-15,498.141,498.501,527.085,485.325,135142.0
2019-04-16,491.661,490.437,508.005,470.925,151037.0
2019-04-17,491.085,505.125,516.285,485.901,182990.0
2019-04-18,496.125,490.365,514.629,488.925,132794.0
2019-04-19,488.853,483.885,492.525,480.429,99201.0
2019-04-22,486.765,493.965,505.197,486.045,215464.0
2019-04-23,495.405,488.061,505.485,483.165,184769.0
2019-04-24,493.965,499.725,504.549,481.725,190823.0
2019-04-25,501.885,520.245,542.565,497.565,351798.0
2019-04-26,509.805,480.429,515.853,479.493,271127.0
2019-04-29,474.525,450.045,480.285,449.757,157454.0
2019-04-30,449.469,468.045,478.413,445.797,182917.0
2019-05-06,445.653,439.101,472.797,431.253,163407.0
2019-05-07,451.845,445.725,462.285,420.021,182024.0
2019-05-08,438.525,423.765,440.613,406.269,216565.0
2019-05-09,420.525,434.277,440.037,420.525,141171.0
2019-05-10,442.989,449.685,456.957,436.581,166677.0
2019-05-13,450.621,438.021,450.621,436.221,98777.0
2019-05-14,438.525,436.221,448.245,428.805,148653.0
2019-05-15,440.613,443.205,446.589,436.005,123919.0
2019-05-16,445.725,450.117,457.821,444.285,157015.0
2019-05-17,452.493,437.805,461.061,435.573,136969.0
2019-05-20,434.637,407.277,434.637,402.741,177044.0
2019-05-21,412.677,428.445,430.605,411.021,128145.0
2019-05-22,425.565,425.709,441.045,421.461,114851.0
2019-05-23,426.285,407.565,433.485,405.981,133504.0
2019-05-24,407.565,396.117,416.925,385.965,200182.0
2019-05-27,402.525,429.885,434.061,399.285,232651.0
2019-05-28,438.381,448.821,452.709,431.541,265631.0
2019-05-29,440.037,432.837,446.805,429.813,255509.0
2019-05-30,438.669,443.925,452.493,426.141,213701.0
2019-05-31,444.861,462.645,464.805,429.885,268872.0
2019-06-03,474.525,475.533,498.213,460.413,271613.0
2019-06-04,468.765,469.917,485.325,454.509,196354.0
2019-06-05,461.565,452.925,469.485,450.693,158436.0
2019-06-06,438.741,424.197,440.541,418.365,281093.0
2019-06-10,425.205,424.125,427.725,407.421,129899.0
2019-06-11,426.357,449.901,449.901,422.829,162956.0
2019-06-12,442.125,446.301,454.581,440.757,107714.0
2019-06-13,452.925,452.925,458.541,441.117,116656.0
2019-06-14,447.237,451.269,457.965,445.797,118154.0
2019-06-17,453.789,441.261,469.917,436.365,146354.0
2019-06-18,445.869,456.093,457.965,435.645,162226.0
2019-06-19,478.125,452.565,478.845,450.045,198488.0
2019-06-20,452.277,448.245,452.853,438.165,176309.0
2019-06-21,443.925,429.525,446.877,424.053,240669.0
2019-06-24,424.125,437.013,441.621,417.429,146216.0
2019-06-25,431.037,425.853,435.645,420.597,99913.0
2019-06-26,420.597,424.125,428.877,417.285,80104.0
2019-06-27,423.765,427.725,430.245,421.245,89357.0
2019-06-28,427.941,429.813,430.749,425.853,55216.0
2019-07-01,432.765,447.957,451.269,423.909,141306.0
2019-07-02,448.461,462.933,465.885,445.725,163224.0
2019-07-03,460.125,444.933,465.453,442.485,151794.0
2019-07-04,448.821,431.469,448.965,429.093,133527.0
2019-07-05,435.141,446.445,450.477,431.901,140444.0
2019-07-08,453.285,459.981,464.949,448.029,214452.0
2019-07-09,453.501,473.445,478.485,448.245,226494.0
2019-07-10,472.653,472.365,487.413,466.245,145658.0
2019-07-11,474.741,476.037,481.725,466.389,115980.0
2019-07-12,477.477,476.541,481.221,466.605,106999.0
2019-07-15,477.765,503.109,510.021,473.445,176960.0
2019-07-16,502.245,498.861,509.229,496.485,124245.0
2019-07-17,502.893,512.253,539.613,497.205,290282.0
2019-07-18,511.965,514.413,523.917,503.685,157756.0
2019-07-19,513.117,523.485,524.205,508.941,140799.0
2019-07-22,521.037,515.565,535.365,506.997,162298.0
2019-07-23,510.885,512.901,520.389,503.037,117672.0
2019-07-24,513.045,515.997,519.525,508.005,107856.0
2019-07-25,513.405,523.197,524.565,511.461,106192.0
2019-07-26,520.389,521.973,528.813,513.765,129528.0
2019-07-29,521.757,554.085,555.525,513.477,208509.0
2019-07-30,553.941,562.437,568.125,547.605,151593.0
2019-07-31,559.125,558.405,569.925,555.885,108679.0
2019-08-01,555.093,564.093,574.029,554.805,138120.0
2019-08-02,556.533,569.925,572.085,556.533,128123.0
2019-08-05,576.477,565.605,586.845,563.373,175179.0
2019-08-06,538.029,548.757,558.837,522.405,207550.0
2019-08-07,554.805,549.117,571.365,545.445,140002.0
2019-08-08,554.013,551.709,560.925,544.509,96675.0
2019-08-09,556.029,530.613,556.173,529.605,143524.0
2019-08-12,529.317,535.725,549.765,515.421,225206.0
2019-08-13,536.085,530.397,543.285,528.885,106282.0
2019-08-14,536.013,527.301,536.013,524.205,133170.0
2019-08-15,519.237,527.805,531.045,514.125,136451.0
2019-08-16,529.605,547.605,557.325,525.429,171078.0
2019-08-19,550.845,520.605,553.293,493.533,420999.0
2019-08-20,510.885,514.125,522.333,506.205,145281.0
2019-08-21,513.765,512.109,518.013,510.885,91398.0
2019-08-22,509.805,519.165,524.565,503.685,118612.0
2019-08-23,521.613,509.589,521.613,507.285,90062.0
2019-08-26,504.981,520.173,520.965,504.405,120164.0
2019-08-27,539.685,570.789,571.509,534.069,340446.0
2019-08-28,574.965,588.069,598.869,563.445,233912.0
2019-08-29,589.005,585.117,599.085,578.421,154578.0
2019-08-30,585.261,585.765,600.741,575.685,188409.0
2019-09-02,586.845,584.829,597.285,572.085,173663.0
2019-09-03,590.013,590.085,600.165,583.461,135529.0
2019-09-04,582.885,584.037,594.981,579.573,160414.0
2019-09-05,590.085,600.093,604.341,579.285,177243.0
2019-09-06,596.565,554.229,596.925,545.445,350697.0
2019-09-09,555.381,532.341,555.525,521.685,373533.0
2019-09-10,531.909,532.485,543.141,527.445,164962.0
2019-09-11,523.629,509.445,531.045,509.445,283819.0
2019-09-12,510.813,513.045,514.485,499.581,133223.0
2019-09-16,517.365,525.285,533.565,512.325,193556.0
2019-09-17,523.701,527.445,533.637,522.549,98167.0
2019-09-18,527.445,525.861,529.101,521.757,69478.0
2019-09-19,526.725,546.741,547.461,519.597,157426.0
2019-09-20,542.565,546.669,551.997,538.965,103301.0
2019-09-23,543.285,528.597,545.229,527.445,85562.0
2019-09-24,527.085,507.213,527.085,503.757,202319.0
2019-09-25,507.285,508.005,514.197,502.677,116477.0
2019-09-26,508.005,457.893,512.757,457.893,341164.0
2019-09-27,464.229,496.485,500.661,464.229,268154.0
2019-09-30,497.565,514.485,521.037,496.485,160428.0
2019-10-08,536.805,547.965,550.341,521.685,255082.0
2019-10-09,552.645,554.085,556.965,541.845,171026.0
2019-10-10,558.405,597.357,603.549,554.805,305856.0
2019-10-11,591.453,599.445,609.237,587.925,198789.0
2019-10-14,599.445,605.565,608.085,583.605,219565.0
2019-10-15,597.285,610.173,621.765,595.701,149300.0
2019-10-16,608.085,599.805,610.173,597.285,105546.0
2019-10-17,602.973,604.845,614.349,595.125,105419.0
2019-10-18,606.645,635.445,645.237,600.885,244205.0
2019-10-21,644.085,642.429,659.925,637.533,254131.0
2019-10-22,644.085,653.445,657.045,628.461,176608.0
2019-10-23,652.437,650.493,657.765,644.877,113596.0
2019-10-24,654.453,659.637,666.333,644.805,156811.0
2019-10-25,669.213,724.941,724.941,655.605,306039.0
2019-10-28,711.045,725.301,752.805,701.685,281082.0
2019-10-29,726.165,734.301,752.805,716.805,214932.0
2019-10-30,728.901,728.181,745.533,705.357,160369.0
2019-10-31,734.085,716.085,738.261,705.789,151759.0
2019-11-01,702.693,688.365,705.285,671.445,273144.0
2019-11-04,682.461,695.637,700.173,678.861,197564.0
2019-11-05,695.709,720.405,720.405,694.557,205842.0
2019-11-06,720.477,689.373,720.693,667.773,280944.0
2019-11-07,683.685,695.781,712.989,676.485,170357.0
2019-11-08,695.781,676.629,701.253,673.821,138295.0
2019-11-11,670.725,682.821,699.813,669.285,146105.0
2019-11-12,680.877,698.085,708.741,680.877,164588.0
2019-11-13,698.013,684.621,708.093,678.645,163673.0
2019-11-14,692.325,690.525,694.125,675.045,108262.0
2019-11-15,683.685,660.501,683.685,655.533,185531.0
2019-11-18,657.117,673.389,680.445,635.949,201972.0
2019-11-19,679.365,695.781,697.005,676.629,148549.0
2019-11-20,698.085,672.885,699.813,670.725,154502.0
2019-11-21,673.605,680.301,687.645,668.853,108844.0
2019-11-22,685.125,669.285,693.405,659.565,122226.0
2019-11-25,670.005,649.269,675.045,643.941,146344.0
2019-11-26,658.125,662.085,664.029,647.325,110913.0
2019-11-27,661.005,654.453,668.493,650.853,82410.0
2019-11-28,655.173,658.485,669.069,642.933,91495.0
2019-11-29,659.781,631.845,662.085,625.365,200228.0
2019-12-02,652.653,656.109,671.877,648.333,192309.0
2019-12-03,659.781,654.525,679.005,649.053,156464.0
2019-12-04,654.165,659.205,660.645,642.501,87167.0
2019-12-05,664.965,657.765,665.469,653.085,90448.0
2019-12-06,662.157,663.165,681.525,660.069,178082.0
2019-12-09,661.293,645.525,663.165,638.325,195652.0
2019-12-10,632.565,611.685,632.565,605.205,315323.0
2019-12-11,608.085,599.805,614.709,598.149,168410.0
2019-12-12,609.165,601.677,614.349,600.597,137151.0
2019-12-13,600.093,606.285,610.893,582.093,142714.0
2019-12-16,608.085,603.621,609.885,593.037,140271.0
2019-12-17,603.549,609.957,618.165,597.285,184332.0
2019-12-18,605.349,596.637,613.125,596.565,150399.0
2019-12-19,596.565,594.765,601.173,588.501,131159.0
2019-12-20,593.685,605.493,608.013,590.733,192722.0
2019-12-23,606.645,584.181,610.821,582.957,177091.0
2019-12-24,584.109,574.029,589.221,567.765,146202.0
2019-12-25,574.605,569.781,578.853,568.485,91181.0
2019-12-26,573.525,566.901,574.677,563.085,86517.0
2019-12-27,574.173,604.269,605.709,570.069,288619.0
2019-12-30,606.645,619.605,620.541,591.525,248812.0
2019-12-31,620.325,646.173,658.485,620.181,281727.0
2020-01-02,655.245,667.989,675.477,654.957,212800.0
2020-01-03,672.021,660.645,681.309,648.549,164550.0
2020-01-06,652.005,657.405,664.317,651.285,118668.0
2020-01-07,658.485,682.245,690.813,657.405,199119.0
2020-01-08,685.197,690.021,700.605,674.181,201073.0
2020-01-09,689.445,680.157,695.061,676.485,109421.0
2020-01-10,679.365,660.501,679.581,655.965,148237.0
2020-01-13,659.637,664.821,673.677,653.445,127674.0
2020-01-14,666.045,660.717,672.093,655.821,97450.0
2020-01-15,690.741,652.581,690.885,646.173,199918.0
2020-01-16,652.581,658.485,671.805,641.061,131396.0
2020-01-17,658.989,646.389,663.381,641.205,121468.0
2020-01-20,646.677,660.861,665.613,631.125,139213.0
2020-01-21,658.917,644.085,661.941,643.365,85335.0
2020-01-22,639.621,626.445,639.621,607.077,180065.0
2020-01-23,610.965,594.981,621.981,587.637,162752.0
2020-02-03,536.157,536.805,558.117,536.157,263787.0
2020-02-04,547.101,589.797,589.797,546.885,228662.0
2020-02-05,604.557,596.781,618.021,594.045,196457.0
2020-02-06,618.741,655.749,655.749,598.005,267030.0
2020-02-07,646.965,672.525,685.989,628.605,258497.0
2020-02-10,672.741,721.197,738.405,672.741,287988.0
2020-02-11,721.197,726.957,748.485,721.197,204290.0
2020-02-12,726.813,714.285,731.925,708.165,220885.0
2020-02-13,717.381,713.709,724.221,699.453,158997.0
2020-02-14,725.445,770.157,773.829,725.445,312039.0
2020-02-17,770.157,766.125,783.405,753.597,208277.0
2020-02-18,755.685,771.885,775.485,749.277,149178.0
2020-02-19,777.285,783.045,812.781,777.285,233642.0
2020-02-20,797.085,785.997,802.485,777.429,181690.0
2020-02-21,784.485,802.197,818.973,772.965,196392.0
2020-02-24,791.685,810.189,824.085,780.885,214581.0
2020-02-25,799.605,870.669,878.085,796.725,282048.0
2020-02-26,870.237,842.085,885.285,834.957,268788.0
2020-02-27,842.085,860.805,895.365,827.685,330405.0
2020-02-28,828.549,845.685,879.597,828.477,262387.0
2020-03-02,838.485,870.885,895.941,838.125,340041.0
2020-03-03,884.061,867.933,891.045,865.485,229140.0
2020-03-04,860.157,883.125,899.685,860.157,236434.0
2020-03-05,892.485,918.405,942.741,884.421,325996.0
2020-03-06,903.285,928.485,966.573,903.285,359205.0
2020-03-09,928.413,968.013,1014.309,919.125,371964.0
2020-03-10,972.549,945.117,993.285,914.301,316147.0
2020-03-11,942.885,924.597,971.397,908.037,285468.0
2020-03-12,908.325,883.845,921.069,870.885,265827.0
2020-03-13,839.061,889.605,910.485,838.557,237775.0
2020-03-16,901.125,827.685,901.701,804.861,276225.0
2020-03-17,846.333,827.829,858.789,788.517,208270.0
2020-03-18,842.085,852.957,908.325,839.421,317759.0
2020-03-19,853.677,871.821,878.085,831.285,214889.0
2020-03-20,886.149,847.125,893.493,835.677,215211.0
2020-03-23,810.405,809.685,830.277,795.285,211611.0
2020-03-24,834.885,833.229,842.085,811.989,191882.0
2020-03-25,859.365,859.221,870.885,842.805,178566.0
2020-03-26,847.845,856.485,872.325,842.517,138127.0
2020-03-27,862.893,830.133,863.757,828.981,160892.0
2020-03-30,815.445,831.285,840.861,813.285,100945.0
2020-03-31,838.485,886.797,889.461,832.725,284185.0
2020-04-01,892.341,880.245,899.613,867.429,189755.0
2020-04-02,885.357,874.701,892.269,860.805,149737.0
2020-04-03,867.645,891.477,908.901,863.757,171130.0
2020-04-07,906.165,930.645,933.525,885.285,220084.0
2020-04-08,928.485,894.573,934.245,886.725,228636.0
2020-04-09,892.485,901.845,909.045,867.357,158947.0
2020-04-10,896.805,898.965,919.413,890.757,104374.0
2020-04-13,891.045,896.085,915.957,884.421,88504.0
2020-04-14,905.877,903.789,921.429,895.437,110895.0
2020-04-15,899.685,882.909,908.973,881.037,129385.0
2020-04-16,878.805,865.629,885.213,858.645,129828.0
2020-04-17,870.885,899.469,905.805,863.685,176580.0
2020-04-20,896.229,900.405,908.685,888.885,100284.0
2020-04-21,898.317,896.157,902.925,882.981,99317.0
2020-04-22,892.485,917.397,930.573,889.605,207981.0
2020-04-23,918.549,928.557,954.981,918.549,152135.0
2020-04-24,937.269,931.365,942.165,918.405,96977.0
2020-04-27,949.797,965.925,990.117,931.653,203195.0
2020-04-28,971.685,969.525,978.741,942.885,157493.0
2020-04-29,966.645,934.965,969.381,929.997,133811.0
2020-04-30,938.565,924.165,940.149,911.277,115394.0
2020-05-06,905.877,898.245,913.725,891.117,179090.0
2020-05-07,897.165,897.165,916.821,892.485,120902.0
2020-05-08,899.037,894.645,901.845,879.597,115307.0
2020-05-11,885.285,846.405,887.445,840.789,323673.0
2020-05-12,838.485,842.301,855.117,837.045,141732.0
2020-05-13,842.949,837.045,846.405,826.461,186862.0
2020-05-14,835.605,819.261,835.605,814.365,210747.0
2020-05-15,826.245,827.685,834.741,816.165,129671.0
2020-05-18,834.165,865.845,870.525,834.165,269897.0
2020-05-19,870.885,848.637,877.221,839.205,164367.0
2020-05-20,842.085,822.645,842.085,816.021,204668.0
2020-05-21,828.549,832.005,841.941,811.845,173356.0
2020-05-22,834.957,846.189,864.981,824.805,168010.0
2020-05-25,855.549,867.717,879.885,855.549,221535.0
2020-05-26,870.885,851.301,874.413,843.021,125153.0
2020-05-27,847.269,834.453,849.285,827.685,104974.0
2020-05-28,842.085,837.045,847.845,828.045,95270.0
2020-05-29,829.989,872.253,873.693,829.989,162699.0
2020-06-01,874.557,870.813,889.029,858.645,130328.0
2020-06-02,870.885,882.765,906.813,870.813,142321.0
2020-06-03,894.213,872.973,903.285,867.357,123472.0
2020-06-04,874.989,887.963,887.963,856.751,178873.0
2020-06-05,887.963,857.608,888.208,856.874,235411.0
2020-06-08,871.317,861.77,872.541,849.285,154997.0
2020-06-09,864.34,860.301,873.52,854.181,119660.0
2020-06-10,860.301,862.994,883.802,856.996,207563.0
2020-06-11,860.301,819.909,860.301,816.727,461351.0
2020-06-12,812.075,827.253,829.456,808.648,230019.0
2020-06-15,843.165,858.22,876.703,843.043,326389.0
2020-06-16,867.645,854.915,868.012,838.024,199689.0
2020-06-17,852.957,867.645,875.479,843.165,233893.0
2020-06-18,872.908,893.471,906.568,871.072,315543.0
2020-06-19,900.693,927.988,933.496,890.044,334287.0
2020-06-22,930.069,940.351,958.221,914.279,319749.0
2020-06-23,941.575,940.963,949.163,928.967,225601.0
2020-06-24,942.431,931.293,962.75,928.478,192143.0
2020-06-29,947.327,965.565,977.805,939.616,306547.0
2020-06-30,966.911,1014.525,1015.994,965.565,308768.0
2020-07-01,1022.481,1030.192,1063.363,1017.707,410614.0
2020-07-02,1031.416,1008.405,1043.901,996.532,423178.0
2020-07-03,1001.918,1024.195,1025.541,972.297,295046.0
2020-07-06,1032.885,1087.72,1092.494,1032.885,422497.0
2020-07-07,1145.493,1075.725,1145.493,1074.746,579385.0
2020-07-08,1076.704,1086.129,1103.387,1070.829,310740.0
2020-07-09,1081.845,1121.625,1133.253,1076.704,417850.0
2020-07-10,1103.877,1105.223,1120.891,1094.085,261778.0
2020-07-13,1105.346,1156.876,1168.749,1105.223,432900.0
2020-07-14,1157.488,1189.557,1194.208,1130.805,390871.0
2020-07-15,1189.557,1191.148,1222.727,1161.405,382303.0
2020-07-16,1192.005,1112.69,1204.245,1112.445,441698.0
2020-07-17,1112.445,1167.28,1167.28,1112.445,359437.0
2020-07-20,1185.885,1197.88,1222.605,1173.645,395521.0
2020-07-21,1203.021,1180.622,1203.511,1151.368,305720.0
2020-07-22,1172.421,1155.53,1185.151,1151.735,441306.0
2020-07-23,1148.553,1137.047,1160.793,1114.281,357629.0
2020-07-24,1134.477,1103.265,1168.749,1081.845,516489.0
2020-07-27,1124.685,1077.683,1136.68,1065.811,329535.0
2020-07-28,1090.535,1115.383,1122.115,1085.517,327524.0
2020-07-29,1115.383,1125.909,1127.011,1094.085,286141.0
2020-07-30,1123.339,1125.175,1147.696,1117.219,280256.0
2020-07-31,1125.175,1130.56,1141.087,1106.325,225714.0
2020-08-03,1136.925,1154.306,1180.377,1136.68,341597.0
2020-08-04,1145.493,1150.267,1167.525,1139.495,219404.0
2020-08-05,1160.181,1169.973,1173.645,1140.23,324574.0
2020-08-06,1187.109,1149.165,1197.513,1139.618,411973.0
2020-08-07,1135.456,1122.482,1151.368,1107.304,322754.0
2020-08-10,1119.911,1133.865,1133.865,1107.671,225944.0
2020-08-11,1130.805,1160.548,1196.411,1130.805,446735.0
2020-08-12,1162.996,1145.493,1170.952,1116.117,280455.0
2020-08-13,1146.717,1136.925,1169.483,1133.498,223447.0
2020-08-14,1137.17,1140.352,1147.451,1122.237,155882.0
2020-08-17,1140.23,1133.375,1153.816,1127.745,255944.0
2020-08-18,1136.803,1126.766,1141.699,1124.685,257370.0
2020-08-19,1128.357,1107.549,1132.029,1107.304,234538.0
2020-08-20,1106.937,1110.119,1118.443,1088.332,162950.0
2020-08-21,1114.036,1109.263,1118.32,1100.817,177746.0
2020-08-24,1118.81,1120.891,1133.865,1115.995,240932.0
2020-08-25,1124.807,1114.893,1128.724,1113.547,132415.0
2020-08-26,1124.44,1102.653,1128.357,1094.085,197602.0
2020-08-27,1102.041,1095.309,1102.041,1083.681,147643.0
2020-08-28,1095.309,1109.14,1112.078,1092.494,207443.0
2020-08-31,1082.824,1085.517,1097.39,1056.998,356557.0
2020-09-01,1084.293,1099.226,1099.715,1078.173,181385.0
2020-09-02,1103.999,1103.755,1149.165,1100.205,389370.0
2020-09-03,1102.653,1088.332,1102.653,1080.988,254188.0
2020-09-04,1069.727,1081.233,1086.251,1063.485,181562.0
2020-09-07,1075.725,1024.562,1087.843,1014.525,403602.0
2020-09-08,1024.562,1024.072,1034.721,1003.387,278062.0
2020-09-09,1013.301,982.701,1013.301,978.907,261780.0
2020-09-10,1002.285,980.253,1010.363,975.479,184061.0
2020-09-11,990.045,969.359,995.553,959.323,211025.0
2020-09-14,983.803,967.156,999.715,957.487,220759.0
2020-09-15,968.013,974.255,976.459,954.182,147572.0
2020-09-16,967.891,934.353,972.297,901.795,446314.0
2020-09-17,928.845,917.707,930.436,899.591,295685.0
2020-09-18,916.605,932.517,942.921,914.279,228953.0
2020-09-21,932.517,914.524,932.639,904.977,186439.0
2020-09-22,916.605,903.141,923.827,900.448,181431.0
2020-09-23,903.141,922.97,927.376,900.203,185797.0
2020-09-24,921.501,913.055,926.764,908.282,185794.0
2020-09-25,919.053,915.993,929.457,911.342,200150.0
2020-09-28,919.053,875.846,921.379,873.887,245191.0
2020-09-29,897.388,916.605,920.155,881.721,245000.0
2020-09-30,920.032,916.605,931.048,906.323,187700.0
2020-10-09,928.723,899.224,928.723,892.247,247274.0
2020-10-12,903.998,939.004,944.267,898.735,405224.0
2020-10-13,940.963,1006.569,1013.179,929.09,392592.0
2020-10-14,996.165,965.565,1003.264,963.362,355530.0
2020-10-15,959.445,944.757,960.302,933.619,220133.0
2020-10-16,947.083,931.905,948.796,926.764,142900.0
2020-10-19,936.189,919.053,950.877,914.402,175284.0
2020-10-20,922.725,927.621,930.314,908.527,146112.0
2020-10-21,927.621,904.855,927.743,902.774,174014.0
2020-10-22,905.589,882.823,908.649,880.13,199460.0
2020-10-23,879.885,855.65,885.271,854.181,218850.0
2020-10-26,855.527,873.153,880.864,839.126,141167.0
2020-10-27,873.031,884.659,886.984,868.869,130733.0
2020-10-28,886.984,871.929,893.349,871.929,141965.0
2020-10-29,862.871,892.125,901.917,856.629,180752.0
2020-10-30,890.901,878.416,901.917,877.437,145450.0
2020-11-02,881.354,890.901,907.303,881.109,174612.0
2020-11-03,892.982,887.596,901.795,882.578,132463.0
2020-11-04,884.781,881.721,897.021,873.765,126262.0
2020-11-05,883.19,890.779,899.347,881.843,132287.0
2020-11-06,896.409,875.723,896.409,864.095,177873.0
2020-11-09,873.765,887.841,895.307,867.033,220000.0
2020-11-10,888.208,877.804,890.656,872.174,149446.0
2020-11-11,872.663,873.398,884.536,870.827,123152.0
2020-11-12,870.95,844.511,872.908,839.615,245041.0
2020-11-13,844.634,868.624,871.317,839.738,189949.0
2020-11-16,875.234,902.284,903.753,865.319,307551.0
2020-11-17,899.102,896.409,911.464,889.677,178191.0
2020-11-18,898.245,899.469,903.753,883.557,148000.0
2020-11-19,903.019,931.171,944.39,894.573,311244.0
2020-11-20,926.397,903.998,928.845,892.125,239609.0
2020-11-23,900.693,892.125,900.938,880.864,173650.0
2020-11-24,886.005,897.266,910.485,882.455,118801.0
2020-11-25,897.633,899.224,906.813,892.003,97174.0
2020-11-26,905.589,928.845,932.517,901.795,275187.0
2020-11-27,945.736,955.528,977.683,945.736,335723.0
2020-11-30,971.685,953.325,976.091,953.325,263429.0
2020-12-01,953.325,968.625,973.888,952.101,174167.0
2020-12-02,976.581,980.498,989.555,966.055,166429.0
2020-12-03,986.495,978.662,987.352,966.911,166566.0
2020-12-04,976.581,967.279,983.558,957.976,154719.0
2020-12-07,963.974,974.99,975.357,951.979,229168.0
2020-12-08,977.071,968.258,983.925,968.013,197106.0
2020-12-09,971.685,948.184,977.683,945.859,181846.0
2020-12-10,945.369,928.845,952.468,928.845,164425.0
2020-12-11,929.947,912.933,933.496,900.693,242734.0
2020-12-14,928.845,927.009,934.843,907.67,189543.0
2020-12-15,928.723,929.579,934.231,914.769,151401.0
2020-12-16,930.069,923.092,935.577,912.321,138122.0
2020-12-17,922.847,925.54,931.293,919.053,137453.0
2020-12-18,928.967,906.935,931.293,905.344,152626.0
2020-12-21,898.857,916.605,916.605,886.005,168238.0
2020-12-22,908.771,884.169,913.545,882.823,193151.0
2020-12-23,883.679,891.88,895.919,872.419,161616.0
2020-12-24,891.88,936.801,936.923,883.557,294321.0
2020-12-25,928.845,920.644,935.699,918.563,134538.0
2020-12-28,922.603,959.445,960.669,919.053,278593.0
2020-12-29,959.567,946.593,962.872,938.025,181758.0
2020-12-30,944.879,944.39,958.711,938.025,166868.0
2020-12-31,938.025,954.549,969.115,938.025,176752.0
2021-01-04,996.165,1048.919,1048.919,989.923,391494.0
2021-01-05,1092.739,1152.715,1152.715,1087.965,835538.0
2021-01-06,1204.245,1185.885,1227.256,1152.715,649267.0
2021-01-07,1179.275,1208.774,1208.774,1141.821,585272.0
2021-01-08,1222.605,1194.208,1222.605,1166.668,443459.0
2021-01-11,1173.645,1100.327,1173.645,1087.231,630297.0
2021-01-12,1100.327,1115.383,1118.443,1089.311,334420.0
2021-01-13,1115.505,1093.963,1121.013,1071.074,308228.0
2021-01-14,1094.085,1037.536,1103.755,1034.721,375246.0
2021-01-15,1051.0,1016.973,1061.037,1002.285,304697.0
2021-01-18,1039.127,1032.151,1046.104,1015.137,292418.0
2021-01-19,1032.151,1015.627,1032.885,1004.855,252104.0
2021-01-20,1008.527,1021.257,1036.924,1004.488,256973.0
2021-01-21,1026.643,1033.864,1043.901,1010.853,292994.0
2021-01-22,1034.109,1014.403,1034.843,996.165,305162.0
2021-01-25,1014.647,1007.915,1025.541,1002.285,301266.0
2021-01-26,1039.862,1080.621,1107.671,1017.095,757332.0
2021-01-27,1089.189,1146.839,1169.116,1089.189,621765.0
2021-01-28,1124.807,1147.084,1178.908,1093.84,492019.0
2021-01-29,1147.329,1098.981,1160.181,1096.288,381910.0
2021-02-01,1124.685,1197.88,1198.125,1105.591,535876.0
2021-02-02,1216.485,1203.755,1226.277,1181.601,437305.0
2021-02-03,1185.885,1320.77,1323.095,1174.135,778330.0
2021-02-04,1308.285,1314.772,1336.192,1271.81,543600.0
2021-02-05,1332.765,1314.772,1430.685,1307.673,704325.0
2021-02-08,1371.933,1435.581,1440.477,1367.037,622935.0
2021-02-09,1430.685,1449.045,1467.895,1414.528,478517.0
2021-02-10,1433.378,1535.337,1558.96,1420.281,660471.0
2021-02-18,1581.849,1464.957,1582.461,1440.232,615948.0
2021-02-19,1454.798,1564.101,1609.144,1454.431,569273.0
2021-02-22,1593.355,1540.233,1614.285,1517.589,460082.0
2021-02-23,1511.959,1502.656,1567.283,1477.687,384173.0
2021-02-24,1484.663,1503.268,1595.925,1484.663,422223.0
2021-02-25,1528.605,1537.051,1556.39,1487.479,238087.0
2021-02-26,1482.215,1404.981,1498.005,1404.981,485188.0
2021-03-01,1443.047,1465.936,1486.377,1435.703,316759.0
2021-03-02,1491.885,1470.098,1496.169,1433.255,210393.0
2021-03-03,1478.299,1491.763,1495.557,1461.285,167638.0
2021-03-04,1479.4,1460.061,1479.523,1424.565,208990.0
2021-03-05,1436.805,1392.863,1440.355,1365.813,303139.0
2021-03-08,1455.532,1359.693,1479.4,1357.245,326342.0
2021-03-09,1351.125,1306.327,1367.037,1300.451,285811.0
2021-03-10,1335.825,1304.001,1343.047,1296.045,167223.0
2021-03-11,1326.523,1322.483,1334.723,1283.805,183857.0
2021-03-12,1332.765,1328.726,1338.395,1296.412,148731.0
2021-03-15,1296.045,1281.602,1324.809,1259.692,394967.0
2021-03-16,1283.805,1252.838,1310.733,1241.087,246847.0
2021-03-17,1296.167,1351.247,1371.688,1290.537,303530.0
2021-03-18,1356.021,1356.511,1361.529,1317.465,183136.0
2021-03-19,1330.317,1295.433,1340.109,1270.219,254182.0
2021-03-22,1271.443,1295.311,1295.311,1251.124,186013.0
2021-03-23,1308.285,1262.385,1311.345,1249.533,163697.0
2021-03-24,1269.117,1246.595,1273.768,1242.434,181564.0
2021-03-25,1259.203,1218.933,1261.895,1218.933,193150.0
2021-03-26,1228.358,1205.469,1228.725,1188.333,238732.0
2021-03-29,1210.487,1212.691,1256.632,1205.469,209434.0
2021-03-30,1216.607,1239.251,1266.669,1204.245,179086.0
2021-03-31,1222.605,1235.212,1265.2,1222.36,112207.0
2021-04-01,1254.184,1283.805,1289.925,1254.184,156675.0
2021-04-02,1303.267,1307.061,1317.832,1271.687,158991.0
2021-04-06,1294.821,1296.902,1298.738,1271.565,108792.0
2021-04-07,1311.957,1282.581,1327.624,1258.101,179994.0
2021-04-08,1269.851,1261.283,1279.643,1247.697,130014.0
2021-04-09,1261.528,1264.833,1276.828,1226.767,104891.0
2021-04-12,1270.219,1254.796,1289.925,1241.577,133904.0
2021-04-13,1253.205,1267.036,1295.433,1253.205,135577.0
2021-04-14,1234.845,1261.528,1270.341,1223.829,153408.0
2021-04-15,1296.779,1288.456,1318.077,1272.789,188209.0
2021-04-16,1283.805,1247.33,1284.907,1245.861,133693.0
2021-04-19,1247.085,1319.791,1320.403,1224.931,260880.0
2021-04-20,1309.142,1380.501,1417.955,1309.142,257357.0
2021-04-21,1356.021,1364.589,1384.173,1349.656,96525.0
2021-04-22,1375.605,1357.123,1375.605,1337.171,92595.0
2021-04-23,1371.933,1371.321,1391.517,1358.591,99915.0
2021-04-26,1371.076,1320.158,1389.803,1319.301,169044.0
2021-04-27,1320.28,1296.167,1334.234,1275.237,143185.0
2021-04-28,1296.167,1336.804,1367.404,1291.639,142170.0
2021-04-29,1357.245,1414.528,1414.528,1328.481,185573.0
2021-04-30,1418.445,1395.311,1419.669,1381.847,175061.0
2021-05-06,1393.965,1293.597,1395.189,1291.883,207175.0
2021-05-07,1288.701,1309.387,1366.425,1288.701,199829.0
2021-05-10,1289.435,1234.845,1296.045,1224.931,314476.0
2021-05-11,1235.09,1236.926,1251.981,1198.125,148508.0
2021-05-12,1242.189,1247.085,1276.216,1236.926,146259.0
2021-05-13,1216.607,1216.485,1233.621,1194.453,134665.0
2021-05-14,1218.811,1234.233,1258.101,1218.811,158726.0
2021-05-17,1251.369,1256.877,1265.2,1236.191,143323.0
2021-05-18,1257.856,1237.048,1258.835,1219.667,135912.0
2021-05-19,1236.314,1240.72,1249.166,1216.24,112266.0
2021-05-20,1234.845,1253.083,1261.773,1226.889,152811.0
2021-05-21,1256.755,1221.748,1277.44,1216.485,166573.0
2021-05-24,1223.829,1117.831,1224.931,1100.695,588803.0
2021-05-25,1111.833,1136.925,1160.915,1075.725,322626.0
2021-05-26,1136.925,1136.68,1148.798,1108.773,168077.0
2021-05-27,1122.237,1134.722,1142.433,1106.325,144493.0
2021-05-28,1136.925,1116.851,1142.923,1111.221,171450.0
2021-05-31,1100.327,1101.184,1110.731,1075.725,271995.0
2021-06-01,1113.424,1112.323,1118.443,1063.485,348055.0
2021-06-02,1112.2,1150.511,1170.83,1101.796,311827.0
2021-06-03,1159.704,1163.988,1223.107,1135.199,400189.0
2021-06-04,1160.389,1190.548,1209.055,1131.943,286129.0
2021-06-07,1169.985,1132.286,1170.842,1119.091,336146.0
2021-06-08,1139.483,1139.14,1153.706,1121.662,171026.0
2021-06-09,1134.856,1142.568,1157.133,1118.577,187695.0
2021-06-10,1135.713,1123.889,1141.025,1119.091,182391.0
2021-06-11,1124.575,1104.868,1129.716,1104.868,185543.0
2021-06-15,1096.643,1087.732,1096.815,1065.456,249645.0
2021-06-16,1100.927,1063.913,1108.296,1061.0,198647.0
2021-06-17,1064.085,1032.897,1068.197,1025.7,339387.0
2021-06-18,1032.897,1008.05,1037.695,996.912,417978.0
2021-06-21,993.484,954.072,1008.736,954.072,548806.0
2021-06-22,965.381,960.926,978.919,940.706,433880.0
2021-06-23,973.264,1005.48,1011.649,964.696,562448.0
2021-06-24,1005.308,991.428,1005.308,983.546,220148.0
2021-06-25,1004.623,1031.698,1033.925,1002.052,384870.0
2021-06-28,1074.024,1114.293,1122.347,1060.315,633974.0
2021-06-29,1108.296,1097.5,1114.293,1067.855,394270.0
2021-06-30,1094.758,1070.939,1094.758,1067.341,228034.0
2021-07-01,1080.021,1053.46,1090.988,1043.008,237174.0
2021-07-02,1039.752,1043.35,1071.282,1036.667,239458.0
2021-07-05,1037.695,1044.892,1062.028,1012.848,262307.0
2021-07-06,1058.087,1044.721,1061.857,1031.355,163827.0
2021-07-07,1041.979,1020.902,1058.944,1017.132,227471.0
2021-07-08,1019.017,1008.564,1020.902,1006.336,196667.0
2021-07-09,1017.132,1000.339,1026.728,988.172,248095.0
2021-07-12,999.653,1014.39,1027.414,981.489,290406.0
2021-07-13,1014.562,1020.731,1030.841,1005.308,209765.0
2021-07-14,1016.447,996.055,1032.555,994.855,233170.0
2021-07-15,1039.752,1004.794,1044.892,997.254,401358.0
2021-07-16,1005.48,960.069,1007.536,954.072,451756.0
2021-07-19,948.588,915.687,949.788,907.804,533467.0
2021-07-20,916.544,928.368,929.567,907.976,283546.0
2021-07-21,928.368,896.837,936.593,887.07,490715.0
2021-07-22,911.403,898.037,917.743,890.668,331619.0
2021-07-23,894.096,841.145,895.809,817.155,924982.0
2021-07-26,847.314,818.526,854.169,810.301,537570.0
2021-07-27,828.122,762.663,831.549,762.148,726917.0
2021-07-28,756.836,729.761,757.008,697.203,896645.0
2021-07-29,750.496,743.47,764.89,732.675,635734.0
2021-07-30,748.611,753.066,765.233,726.506,552368.0
2021-08-02,735.588,796.42,824.866,721.879,934688.0
2021-08-03,796.42,780.313,819.725,776.714,650162.0
2021-08-04,777.571,768.317,779.456,758.379,533064.0
2021-08-05,760.092,745.869,776.543,745.698,441481.0
2021-08-06,745.698,753.238,766.775,733.189,449890.0
2021-08-09,760.092,825.723,825.723,759.921,890854.0
2021-08-10,842.688,854.34,862.565,809.444,1127297.0
2021-08-11,842.688,854.34,864.964,836.861,614446.0
2021-08-12,885.528,842.688,894.61,834.12,688076.0
2021-08-13,842.859,831.549,843.202,822.124,516749.0
2021-08-16,819.383,840.974,854.34,806.873,481389.0
2021-08-17,833.948,805.16,853.997,802.761,487065.0
2021-08-18,799.162,808.416,815.099,785.796,344048.0
2021-08-19,799.848,797.791,819.211,794.707,292123.0
2021-08-20,797.791,788.538,799.676,774.144,299429.0
2021-08-23,783.226,790.252,808.416,772.43,360223.0
2021-08-24,791.28,801.219,816.641,784.254,375721.0
2021-08-25,791.28,797.963,815.27,788.709,292607.0
2021-08-26,797.963,775.172,798.82,774.315,348218.0
2021-08-27,766.261,764.205,788.367,762.32,345903.0
2021-08-30,760.092,750.153,766.604,741.243,387857.0
2021-08-31,764.548,753.752,790.08,749.639,483514.0
2021-09-01,748.44,796.078,797.62,739.015,673423.0
2021-09-02,795.735,768.317,795.735,763.177,504548.0
2021-09-03,758.721,814.413,824.524,750.325,683688.0
2021-09-06,797.791,836.69,844.401,794.193,661914.0
2021-09-07,832.406,831.378,839.775,820.068,417598.0
2021-09-08,825.552,815.784,842.688,813.556,394974.0
2021-09-09,810.472,810.472,822.639,801.219,308701.0
2021-09-10,811.5,807.559,825.552,804.474,340373.0
2021-09-13,799.848,777.228,799.848,772.087,474481.0
2021-09-14,783.226,769.174,789.052,765.576,320555.0
2021-09-15,767.289,764.033,770.888,759.235,242336.0
2021-09-16,757.008,786.139,820.411,756.665,807949.0
2021-09-17,790.766,794.536,809.444,765.404,524842.0
2021-09-22,778.599,769.86,786.139,767.461,287303.0
2021-09-23,767.461,786.482,792.136,766.604,359220.0
2021-09-24,782.369,806.873,817.155,777.914,545169.0
2021-09-27,801.561,867.535,880.044,793.507,1095585.0
2021-09-28,854.683,855.54,859.824,837.547,568118.0
2021-09-29,843.887,900.95,923.57,832.063,973214.0
2021-09-30,900.779,918.086,954.072,896.837,922808.0
2021-10-08,918.257,966.067,986.116,897.352,884254.0
2021-10-11,966.067,974.121,1011.135,934.023,1182550.0
2021-10-12,971.208,952.701,992.628,950.644,724912.0
2021-10-13,955.957,976.863,978.233,921.513,718565.0
2021-10-14,966.581,938.307,970.865,935.393,530826.0
2021-10-15,921.513,978.062,1003.423,921.513,1040700.0
2021-10-18,973.778,988.515,1011.135,959.212,613667.0
2021-10-19,984.916,1050.033,1075.737,984.916,1084709.0
2021-10-20,1041.294,1015.761,1062.543,1014.048,669629.0
2021-10-21,1015.761,1003.766,1027.756,987.487,530407.0
2021-10-22,1003.252,1005.994,1013.876,990.057,340155.0
2021-10-25,1040.094,997.083,1049.862,988.344,649535.0
2021-10-26,983.203,965.381,991.771,963.668,571759.0
2021-10-27,967.78,975.492,988.344,960.412,369300.0
2021-10-28,963.496,972.921,989.715,958.87,355406.0
2021-10-29,973.264,1007.365,1010.963,973.264,541178.0
2021-11-01,988.515,1016.275,1025.357,983.203,419634.0
2021-11-02,1008.393,1023.13,1033.411,997.94,468629.0
2021-11-03,1022.616,1047.463,1068.712,1012.163,658835.0
2021-11-04,1039.752,1040.951,1068.54,1031.355,511100.0
2021-11-05,1056.716,1026.214,1068.369,1021.073,439294.0
2021-11-08,1037.695,1020.559,1039.409,1016.618,302453.0
2021-11-09,1015.247,1004.966,1023.301,1002.052,353165.0
2021-11-10,1000.51,989.886,1003.766,979.776,367589.0
2021-11-11,994.684,1003.937,1017.646,986.63,308354.0
2021-11-12,1004.794,1032.555,1043.008,1004.794,463931.0
2021-11-15,1044.55,1037.695,1047.977,1027.585,300671.0
2021-11-16,1037.695,1035.296,1046.777,1032.383,246823.0
2021-11-17,1027.928,1026.043,1037.524,1014.219,198842.0
2021-11-18,1026.386,1027.585,1037.867,1015.59,193564.0
2021-11-19,1022.616,1015.247,1030.67,1002.395,260133.0
2021-11-22,1005.48,1008.05,1022.273,1005.137,247704.0
2021-11-23,1008.907,1009.078,1020.559,1002.224,192235.0
2021-11-24,1005.651,984.916,1022.616,983.203,360493.0
2021-11-25,983.374,986.287,994.341,981.489,172079.0
2021-11-26,989.715,965.21,989.886,960.241,290338.0
2021-11-29,954.072,962.64,971.208,946.36,232794.0
2021-11-30,961.783,926.654,961.783,912.945,604636.0
2021-12-01,923.227,917.401,927.168,910.204,400730.0
2021-12-02,911.232,923.912,938.135,905.92,317829.0
2021-12-03,919.8,942.419,942.419,917.743,280462.0
2021-12-06,938.649,913.117,938.649,911.232,377710.0
2021-12-07,859.824,867.878,888.612,857.082,1104774.0
2021-12-08,886.042,903.178,919.8,877.645,736109.0
2021-12-09,903.52,906.434,919.8,896.666,434488.0
2021-12-10,902.321,901.807,911.232,897.523,318535.0
2021-12-13,895.809,887.584,904.72,886.556,363820.0
2021-12-14,887.584,883.643,905.577,880.387,357588.0
2021-12-15,882.272,869.42,887.241,868.392,310533.0
2021-12-16,853.141,846.972,861.195,827.437,696338.0
2021-12-17,846.115,840.289,862.737,834.12,427058.0
2021-12-20,834.462,821.953,844.744,820.582,341397.0
2021-12-21,832.235,823.153,833.606,816.984,284491.0
2021-12-22,826.923,852.455,860.68,824.866,669092.0
2021-12-23,864.964,887.927,905.748,862.908,776364.0
2021-12-24,887.413,924.598,928.368,871.819,710162.0
2021-12-27,931.452,935.222,962.297,911.403,569676.0
2021-12-28,931.795,925.797,950.816,919.8,448796.0
2021-12-29,925.112,911.746,934.023,910.546,324403.0
2021-12-30,911.232,922.199,933.68,909.518,257336.0
2021-12-31,917.229,943.105,948.245,916.887,339025.0
2022-01-04,954.072,1019.188,1026.043,954.072,847816.0
2022-01-05,1017.475,1022.444,1056.888,1009.078,761535.0
2022-01-06,1012.163,1000.168,1022.444,982.517,511697.0
2022-01-07,1000.51,992.97,1014.048,985.945,320467.0
2022-01-10,988.172,1044.55,1044.55,986.63,667243.0
2022-01-11,1039.752,998.968,1039.752,998.625,429420.0
2022-01-12,1003.766,1010.62,1018.503,984.916,303189.0
2022-01-13,1005.48,975.492,1029.47,969.323,347091.0
2022-01-14,971.208,983.203,1004.794,968.123,267534.0
2022-01-17,983.203,988.344,994.341,964.353,236056.0
2022-01-18,981.489,984.916,993.313,968.637,276029.0
2022-01-19,988.344,963.154,991.771,952.529,359432.0
2022-01-20,964.696,1008.907,1014.048,959.212,580108.0
2022-01-21,1005.994,971.208,1008.221,971.036,388442.0
2022-01-24,972.921,950.987,986.287,949.274,297632.0
2022-01-25,950.644,919.8,960.069,919.8,274048.0
2022-01-26,929.739,960.069,962.64,929.224,307548.0
2022-01-27,953.729,938.992,990.743,936.936,291782.0
2022-01-28,952.015,964.182,981.147,945.846,403808.0
2022-02-07,984.745,975.149,995.198,924.255,510321.0
2022-02-08,967.78,983.203,990.571,958.013,302244.0
2022-02-09,982.003,1034.268,1037.695,980.29,661891.0
2022-02-10,1029.127,1084.648,1102.812,1022.787,981231.0
2022-02-11,1084.477,1068.883,1089.789,1063.399,406737.0
2022-02-14,1067.341,1042.836,1082.42,1026.214,360844.0
2022-02-15,1039.752,1042.836,1049.176,1024.329,324281.0
2022-02-16,1039.752,1026.9,1043.35,1017.475,331691.0
2022-02-17,1021.93,1050.033,1055.174,997.254,462454.0
2022-02-18,1039.752,1056.716,1074.024,1034.611,326366.0
2022-02-21,1044.892,1048.834,1063.399,1039.238,210570.0
2022-02-22,1041.123,1031.869,1047.806,1019.531,251507.0
2022-02-23,1048.32,1012.677,1054.831,1010.449,344360.0
2022-02-24,1012.163,998.625,1018.846,989.886,300397.0
2022-02-25,1013.534,1008.907,1016.789,990.743,233576.0
2022-02-28,1008.907,1006.851,1018.503,998.797,204543.0
2022-03-01,1019.188,1067.341,1067.512,1002.052,612228.0
2022-03-02,1055.688,1051.576,1070.425,1046.777,315861.0
2022-03-03,1046.777,1035.468,1054.66,1029.984,215905.0
2022-03-04,1033.411,1035.296,1057.916,1024.843,275824.0
2022-03-07,1032.897,1009.764,1044.892,997.94,297548.0
2022-03-08,1002.909,961.954,1026.043,957.499,359338.0
2022-03-09,954.243,965.21,986.63,919.8,336651.0
2022-03-10,984.574,966.41,986.63,959.212,228771.0
2022-03-11,950.302,982.175,989.715,940.877,305519.0
2022-03-14,970.522,925.455,979.776,925.455,402314.0
2022-03-15,930.253,872.162,933.337,871.819,476180.0
2022-03-16,882.1,883.985,892.382,842.174,430860.0
2022-03-17,899.236,937.792,953.044,891.525,428015.0
2022-03-18,933.508,966.067,971.208,928.882,385531.0
2022-03-21,971.55,970.008,995.541,959.384,346189.0
2022-03-22,964.353,991.257,1006.508,964.353,336707.0
2022-03-23,988.344,983.032,992.799,969.494,273872.0
2022-03-24,971.208,971.036,988.344,962.64,211174.0
2022-03-25,971.208,970.351,1002.567,963.325,299961.0
2022-03-28,962.64,963.325,976.348,952.529,215913.0
2022-03-29,962.811,1004.623,1007.879,958.87,350106.0
2022-03-30,991.942,1011.477,1017.818,987.658,289526.0
2022-03-31,1011.477,1003.081,1016.618,986.459,212965.0
2022-04-01,1005.137,1012.677,1032.04,990.4,293602.0
2022-04-06,1005.48,989.2,1020.388,985.945,259595.0
2022-04-07,979.947,955.957,991.771,950.816,374859.0
2022-04-08,953.729,949.102,965.896,935.222,241348.0
2022-04-11,953.386,966.067,981.661,943.105,310591.0
2022-04-12,966.067,974.635,981.147,955.957,186154.0
2022-04-13,971.208,946.189,984.916,944.99,226134.0
2022-04-14,949.788,941.22,949.959,926.654,257379.0
2022-04-15,936.936,927.34,946.703,918.429,228022.0
2022-04-18,927.34,970.008,970.865,927.34,294502.0
2022-04-19,988.344,1013.191,1039.58,988.344,652140.0
2022-04-20,1012.334,1007.707,1032.383,1004.794,410130.0
2022-04-21,1005.48,988.001,1034.44,980.632,394993.0
2022-04-22,980.632,971.208,983.203,945.504,314234.0
2022-04-25,971.379,936.25,994.513,934.879,400848.0
2022-04-26,936.25,904.549,949.959,903.178,366179.0
2022-04-27,894.096,962.982,963.154,878.159,401253.0
2022-04-28,957.499,948.931,964.353,932.994,253556.0
2022-04-29,953.9,923.741,956.128,909.347,489870.0
2022-05-05,933.508,923.912,943.961,920.142,347120.0
2022-05-06,914.316,909.518,923.741,902.835,211991.0
2022-05-09,919.286,911.232,936.25,889.126,299002.0
2022-05-10,903.349,913.631,919.457,886.042,285562.0
2022-05-11,916.03,911.403,921.513,899.236,394825.0
2022-05-12,908.661,890.84,917.743,882.615,388893.0
2022-05-13,893.41,873.19,894.438,860.852,430275.0
2022-05-16,878.673,907.633,907.804,870.277,458392.0
2022-05-17,906.948,896.837,916.03,894.096,347557.0
2022-05-18,897.009,884.5,899.236,879.873,273797.0
2022-05-19,858.11,861.195,870.105,846.115,489904.0
2022-05-20,856.396,864.108,873.532,848.343,332402.0
2022-05-23,869.763,882.786,889.298,868.906,330388.0
2022-05-24,878.673,860.509,881.244,859.824,289344.0
2022-05-25,860.166,888.441,899.236,856.568,416021.0
2022-05-26,899.236,883.129,900.607,882.443,319193.0
2022-05-27,890.326,873.704,893.582,869.248,228286.0
2022-05-30,876.446,870.962,886.727,864.45,268900.0
2022-05-31,870.105,905.748,905.748,867.021,496303.0
2022-06-01,905.405,888.098,905.405,882.1,284015.0
2022-06-02,882.443,884.5,886.042,870.962,207583.0
2022-06-06,884.671,874.389,885.528,863.251,386825.0
2022-06-07,879.53,893.239,906.948,877.131,389929.0
2022-06-08,885.528,892.039,906.091,882.1,361678.0
2022-06-09,896.461,920.451,933.989,889.949,540860.0
2022-06-10,915.482,916.853,918.909,904.515,340601.0
2022-06-13,920.623,951.296,973.059,918.909,640585.0
2022-06-14,939.129,963.463,977.0,938.787,562441.0
2022-06-15,963.805,951.81,975.115,948.383,415473.0
2022-06-16,953.181,974.772,987.967,953.181,486032.0
2022-06-17,969.289,972.887,986.425,967.575,329027.0
2022-06-20,984.883,991.394,1010.073,979.742,383839.0
2022-06-21,996.706,989.167,1009.73,978.885,289184.0
2022-06-22,997.049,1014.014,1023.439,981.113,430554.0
2022-06-23,1014.014,1014.699,1029.95,999.448,292074.0
2022-06-24,1016.584,1008.016,1018.298,996.878,389801.0
2022-06-27,1023.439,1036.805,1046.229,1023.439,505239.0
2022-06-28,1041.431,1032.178,1048.286,1020.354,345862.0
2022-06-29,1026.866,973.23,1028.579,969.632,662236.0
2022-06-30,977.857,980.085,988.31,966.204,331103.0
2022-07-01,982.826,992.422,1006.303,978.542,303391.0
2022-07-04,1023.439,1088.384,1088.384,1023.439,877927.0
2022-07-05,1103.978,1121.114,1124.027,1084.614,977620.0
2022-07-06,1086.842,1081.53,1123.856,1071.248,667242.0
2022-07-07,1095.753,1100.208,1118.372,1079.816,567430.0
2022-07-08,1106.891,1109.804,1131.738,1093.696,491582.0
2022-07-11,1109.804,1149.217,1161.212,1109.633,717248.0
2022-07-12,1157.099,1121.114,1163.782,1113.917,482653.0
2022-07-13,1131.395,1127.797,1136.708,1097.98,379828.0
2022-07-14,1127.797,1122.142,1140.992,1102.436,299921.0
2022-07-15,1110.832,1103.978,1131.909,1100.722,338790.0
2022-07-18,1092.154,1097.123,1105.691,1062.166,410532.0
2022-07-19,1093.182,1090.44,1108.947,1074.847,273549.0
2022-07-20,1098.837,1059.767,1099.865,1049.143,475229.0
2022-07-21,1057.197,1058.739,1079.645,1044.002,283417.0
2022-07-22,1057.711,1040.575,1058.91,1032.007,278495.0
2022-07-25,1038.518,1027.209,1042.117,1022.068,227535.0
2022-07-26,1037.319,1028.922,1047.086,1023.096,221757.0
2022-07-27,1024.809,1027.723,1036.805,1021.382,210162.0
2022-07-28,1036.805,1030.293,1055.997,1028.065,353945.0
2022-07-29,1035.434,1054.283,1070.22,1024.295,452056.0
2022-08-01,1055.312,1040.061,1056.511,1023.096,295924.0
2022-08-02,1027.037,1028.065,1050.342,1013.157,295794.0
2022-08-03,1028.579,1004.932,1040.575,1004.418,290484.0
2022-08-04,1002.875,1026.009,1031.835,1002.875,220194.0
2022-08-05,1026.866,1033.892,1035.091,1018.298,159511.0
2022-08-08,1044.002,1024.638,1055.826,1023.096,220120.0
2022-08-09,1023.439,995.507,1023.439,988.31,375492.0
2022-08-10,999.448,988.481,1004.589,979.056,227150.0
2022-08-11,994.136,996.878,997.563,985.739,199071.0
2022-08-12,997.735,988.31,998.249,984.369,171486.0
2022-08-15,987.453,991.908,998.591,978.371,211680.0
2022-08-16,992.08,1016.584,1016.584,987.11,359574.0
2022-08-17,1016.756,1020.011,1020.697,1004.246,263743.0
2022-08-18,1018.126,986.596,1018.126,985.739,314491.0
2022-08-19,980.77,1031.664,1039.375,980.427,518953.0
2022-08-22,1032.007,1040.746,1067.135,1032.007,374746.0
2022-08-23,1040.746,1045.544,1060.624,1032.349,260998.0
2022-08-24,1046.401,1048.114,1070.905,1041.945,416102.0
2022-08-25,1059.253,1054.969,1062.851,1044.345,309300.0
2022-08-26,1054.797,1044.002,1054.797,1033.377,235420.0
2022-08-29,1061.138,1040.575,1073.647,1030.293,329333.0
2022-08-30,1033.72,1046.744,1051.713,1022.753,220371.0
2022-08-31,1037.147,1037.49,1052.913,1029.95,266399.0
2022-09-01,1035.434,1038.861,1050.685,1028.579,210264.0
2022-09-02,1042.631,1044.002,1050.856,1029.093,227293.0
2022-09-05,1046.572,1062.166,1063.708,1039.204,360572.0
2022-09-06,1062.337,1056.854,1071.248,1054.626,264405.0
2022-09-07,1050.685,1037.49,1054.283,1032.521,316797.0
2022-09-08,1037.49,1033.72,1052.227,1030.807,227082.0
2022-09-09,1038.861,1035.434,1038.861,1016.756,210287.0
2022-09-13,1041.431,1071.762,1076.56,1035.777,444271.0
2022-09-14,1066.621,1069.534,1077.588,1061.481,207733.0
2022-09-15,1064.565,1050.685,1070.563,1046.572,318553.0
2022-09-16,1051.37,1042.288,1064.394,1042.288,293225.0
2022-09-19,1049.143,1061.652,1074.847,1047.429,314886.0
2022-09-20,1060.966,1041.945,1064.565,1035.605,272701.0
2022-09-21,1041.945,1002.704,1041.945,1000.476,317053.0
2022-09-22,999.448,996.021,1011.101,993.622,168248.0
2022-09-23,995.336,989.167,997.735,963.12,275100.0
2022-09-26,979.056,955.751,992.594,954.895,250025.0
2022-09-27,958.322,974.258,975.286,948.04,242771.0
2022-09-28,972.031,970.146,986.768,968.603,197827.0
2022-09-29,978.885,965.348,985.397,959.007,169653.0
2022-09-30,967.061,967.233,971.688,949.754,189709.0
2022-10-10,1001.162,1027.723,1038.347,993.622,549241.0
2022-10-11,1026.866,1031.321,1035.434,1010.415,228343.0
2022-10-12,1033.72,1042.117,1051.713,1023.439,290134.0
2022-10-13,1035.434,1042.46,1056.854,1028.237,268691.0
2022-10-14,1044.002,1034.748,1048.286,1028.579,249314.0
2022-10-17,1021.554,1031.664,1040.917,1012.3,221527.0
2022-10-18,1032.863,1038.861,1058.567,1029.436,254754.0
2022-10-19,1035.434,1002.875,1050.171,1002.875,306925.0
2022-10-20,1002.533,993.108,1010.587,990.366,207200.0
2022-10-21,990.023,991.223,997.735,981.627,186239.0
2022-10-24,984.883,963.463,992.422,956.608,303325.0
2022-10-25,968.603,961.92,979.228,954.895,343137.0
2022-10-26,970.317,902.458,972.031,881.21,762785.0
2022-10-27,889.778,881.381,898.174,864.074,637681.0
2022-10-28,870.585,847.452,874.184,844.367,547551.0
2022-10-31,827.574,834.6,852.593,824.832,424859.0
2022-11-01,834.257,863.731,865.102,834.257,386873.0
2022-11-02,862.36,859.79,868.358,852.079,339544.0
2022-11-03,855.506,848.651,855.677,834.943,319569.0
2022-11-04,850.365,867.501,873.499,850.022,412962.0
2022-11-07,872.47,882.923,892.348,868.701,374572.0
2022-11-08,882.923,870.071,895.433,860.989,307985.0
2022-11-09,862.874,857.219,868.186,856.705,204071.0
2022-11-10,851.05,860.133,863.56,846.595,228053.0
2022-11-11,881.21,866.816,884.466,859.104,356537.0
2022-11-14,869.386,860.647,876.926,856.534,334531.0
2022-11-15,860.133,867.33,868.358,853.107,325014.0
2022-11-16,870.585,861.503,871.442,859.447,254057.0
2022-11-17,858.076,857.733,871.956,851.393,323799.0
2022-11-18,857.733,841.797,860.818,840.94,362636.0
2022-11-21,834.6,840.426,841.283,825.175,219909.0
2022-11-22,840.426,834.771,846.766,832.201,180434.0
2022-11-23,833.229,821.062,833.229,814.208,304849.0
2022-11-24,821.234,819.863,831.001,819.177,212858.0
2022-11-25,818.492,836.313,840.426,816.436,267431.0
2022-11-28,828.945,824.661,831.173,814.551,237196.0
2022-11-29,822.776,837.513,837.684,822.776,254767.0
2022-11-30,839.227,856.705,868.872,838.884,428043.0
2022-12-01,865.616,856.877,867.501,852.593,297486.0
2022-12-02,857.219,870.928,877.097,853.278,386923.0
2022-12-05,877.783,876.754,885.494,870.928,375861.0
2022-12-06,881.21,885.494,893.034,875.212,330924.0
2022-12-07,885.837,888.921,910.17,882.581,412734.0
2022-12-08,881.724,867.33,884.637,865.445,378700.0
2022-12-09,869.215,869.043,871.785,856.363,287046.0
2022-12-12,855.506,857.562,867.501,852.935,235302.0
2022-12-13,869.729,874.013,883.437,862.017,411872.0
2022-12-14,872.642,876.069,881.038,864.245,226566.0
2022-12-15,876.412,864.588,884.123,862.36,224331.0
2022-12-16,860.989,861.503,862.874,851.736,203861.0
2022-12-19,856.534,840.597,862.189,839.741,267191.0
2022-12-20,841.968,825.518,849.851,823.804,243245.0
2022-12-21,825.518,840.597,849.165,822.605,265051.0
2022-12-22,844.367,860.818,869.729,844.367,341756.0
2022-12-23,861.503,853.621,865.102,850.879,157353.0
2022-12-26,861.675,863.56,872.299,858.076,199166.0
2022-12-27,863.56,873.67,878.125,861.675,236313.0
2022-12-28,869.386,869.386,876.754,867.158,168812.0
2022-12-29,867.501,858.933,869.215,856.363,158135.0
2022-12-30,858.762,868.358,870.928,858.762,151464.0
2023-01-03,859.618,845.91,861.503,834.086,368212.0
2023-01-04,845.224,846.252,849.337,835.799,179014.0
2023-01-05,851.222,850.536,853.278,836.656,343076.0
2023-01-06,847.966,846.766,857.048,841.454,217644.0
2023-01-09,848.48,867.33,874.184,840.083,410358.0
2023-01-10,865.787,860.475,869.557,852.079,247948.0
2023-01-11,862.189,863.046,868.872,852.764,228628.0
2023-01-12,864.074,859.79,870.243,858.076,197696.0
2023-01-13,860.989,879.496,887.036,858.933,424871.0
2023-01-16,886.351,889.778,894.233,874.527,353316.0
2023-01-17,890.635,880.01,892.691,874.184,264261.0
2023-01-18,879.839,864.931,879.839,863.902,235841.0
2023-01-19,864.931,855.334,864.931,849.68,276709.0
2023-01-20,858.59,857.219,861.503,854.135,196194.0
2023-01-30,860.647,858.076,870.414,852.25,447145.0
2023-01-31,876.583,888.75,913.597,876.583,772880.0
2023-02-01,889.949,898.346,904.857,889.949,394576.0
2023-02-02,900.916,898.517,903.487,886.351,309063.0
2023-02-03,895.09,891.834,911.883,889.778,391896.0
2023-02-06,882.923,894.919,894.919,876.24,294213.0
2023-02-07,895.775,883.78,901.43,881.21,289552.0
2023-02-08,883.78,877.097,886.179,876.583,160862.0
2023-02-09,877.097,879.668,882.238,874.013,189226.0
2023-02-10,878.982,873.841,884.98,870.928,239781.0
2023-02-13,879.325,875.898,883.266,868.872,286579.0
2023-02-14,881.038,883.266,892.348,876.069,337426.0
2023-02-15,880.182,865.616,881.038,863.217,357675.0
2023-02-16,864.931,856.705,872.985,849.337,326027.0
2023-02-17,857.219,854.306,860.989,853.792,193970.0
2023-02-20,858.59,868.529,869.729,850.022,274200.0
2023-02-21,867.501,879.668,886.865,862.874,358010.0
2023-02-22,879.496,905.2,911.026,878.982,764869.0
2023-02-23,904.857,896.461,914.625,892.862,339532.0
2023-02-24,896.461,886.179,898.346,884.123,217166.0
2023-02-27,889.778,877.954,895.09,875.384,216791.0
2023-02-28,881.381,881.895,884.637,876.069,236012.0
2023-03-01,882.067,892.862,893.376,880.353,269837.0
2023-03-02,891.663,888.578,893.376,885.494,161063.0
2023-03-03,888.578,885.665,891.491,878.811,198184.0
2023-03-06,880.182,882.752,887.721,876.412,212620.0
2023-03-07,881.038,862.874,881.381,862.017,272716.0
2023-03-08,861.675,856.191,861.846,851.393,218985.0
2023-03-09,860.647,853.278,863.046,850.365,235268.0
2023-03-10,852.25,837.684,852.25,835.971,283473.0
2023-03-13,835.114,854.135,857.219,833.572,256871.0
2023-03-14,855.334,896.632,898.003,855.334,920000.0
2023-03-15,898.346,896.632,913.425,892.348,483225.0
2023-03-16,896.632,864.588,896.632,864.245,349724.0
2023-03-17,873.327,854.82,874.869,850.022,422646.0
2023-03-20,854.82,842.825,856.363,840.426,325271.0
2023-03-21,842.997,847.795,848.994,839.912,234623.0
2023-03-22,850.365,847.109,854.82,843.511,206222.0
2023-03-23,842.654,846.424,850.708,841.454,212061.0
2023-03-24,847.795,846.766,852.421,842.482,184802.0
2023-03-27,846.595,863.902,865.102,841.454,370387.0
2023-03-28,862.017,863.046,871.785,856.191,243012.0
2023-03-29,864.074,849.851,866.473,847.966,203539.0
2023-03-30,850.365,857.562,861.503,846.938,198388.0
2023-03-31,884.808,872.642,896.118,868.358,620922.0
2023-04-03,867.672,887.721,898.346,864.074,529704.0
2023-04-04,887.721,901.088,917.195,886.351,617794.0
2023-04-06,896.461,892.862,918.224,886.008,381087.0
2023-04-07,889.778,880.01,897.489,879.153,229775.0
2023-04-10,880.01,879.153,888.75,873.327,206940.0
2023-04-11,880.353,874.355,882.238,869.729,247553.0
2023-04-12,875.212,866.473,877.097,862.189,236095.0
2023-04-13,863.388,863.217,869.9,859.447,188000.0
2023-04-14,866.987,859.961,867.501,855.506,207180.0
2023-04-17,860.133,867.158,867.158,855.849,245184.0
2023-04-18,866.987,863.731,870.928,860.304,248742.0
2023-04-19,863.56,859.961,869.215,856.877,292742.0
2023-04-20,859.961,858.933,864.759,851.393,223477.0
2023-04-21,860.647,851.565,862.189,850.536,225718.0
2023-04-24,851.565,843.853,853.449,838.541,251182.0
2023-04-25,841.797,851.05,851.05,840.083,190942.0
2023-04-26,850.194,846.938,852.421,843.511,160889.0
2023-04-27,846.081,849.851,850.022,840.597,145722.0
2023-04-28,864.074,853.278,865.787,848.823,225879.0
2023-05-04,850.879,839.912,850.879,837.856,233578.0
2023-05-05,839.227,840.94,842.654,825.346,263551.0
2023-05-08,840.083,831.515,840.083,830.83,193843.0
2023-05-09,831.173,836.828,841.454,824.661,175138.0
2023-05-10,836.656,829.802,836.656,825.689,119830.0
2023-05-11,829.63,835.799,836.656,826.375,100892.0
2023-05-12,834.943,833.4,842.654,831.858,113861.0
2023-05-15,830.145,824.49,831.515,818.321,214474.0
2023-05-16,824.661,822.091,828.945,821.405,116954.0
2023-05-17,821.234,817.635,824.661,817.635,144757.0
2023-05-18,817.635,769.654,818.663,767.941,659114.0
2023-05-19,760.572,765.199,766.913,750.976,302595.0
2023-05-22,763.657,770.511,772.053,760.401,213066.0
2023-05-23,771.882,769.654,774.967,767.769,200175.0
2023-05-24,768.455,772.91,777.023,758.173,179762.0
2023-05-25,769.654,767.084,772.91,761.429,130609.0
2023-05-26,768.969,766.741,769.312,761.429,85385.0
2023-05-29,765.542,748.234,769.826,735.554,302647.0
2023-05-30,748.234,749.263,755.26,736.753,164273.0
2023-05-31,746.864,719.275,746.864,706.765,497167.0
2023-06-01,715.505,724.587,737.096,711.735,309981.0
2023-06-02,724.587,731.441,735.382,723.901,162928.0
2023-06-05,732.127,724.929,733.155,716.876,156138.0
2023-06-06,724.758,722.53,729.728,720.131,134691.0
2023-06-07,724.073,717.904,725.958,716.704,118547.0
2023-06-08,717.047,730.584,738.981,713.962,288909.0
2023-06-09,730.242,731.955,734.012,720.645,203026.0
2023-06-12,731.27,731.955,737.267,726.472,136326.0
2023-06-13,730.584,731.441,739.838,728.699,126671.0
2023-06-14,731.441,729.899,736.411,728.699,113527.0
2023-06-15,730.242,739.838,740.181,730.07,204855.0
2023-06-16,740.695,760.058,762.457,740.695,306795.0
2023-06-19,758.516,760.058,775.309,753.718,259078.0
2023-06-20,757.831,762.115,767.769,755.774,157250.0
2023-06-21,757.831,755.26,766.399,752.861,126872.0
2023-06-26,755.089,758.345,762.457,747.035,179256.0
2023-06-27,756.288,758.859,761.601,748.063,145845.0
2023-06-28,756.46,755.26,761.258,749.263,120522.0
2023-06-29,752.69,752.69,769.654,748.234,205761.0
2023-06-30,750.976,755.26,760.23,747.549,129551.0
2023-07-03,757.831,754.232,761.943,751.49,150204.0
2023-07-04,756.631,757.488,766.399,745.835,195478.0
2023-07-05,756.117,737.096,756.117,734.868,236489.0
2023-07-06,733.497,738.638,746.864,730.584,189411.0
2023-07-07,735.04,747.206,753.889,731.784,222721.0
2023-07-10,747.378,752.69,757.659,747.035,159742.0
2023-07-11,756.288,753.375,756.46,749.605,116735.0
2023-07-12,752.69,756.802,759.201,747.892,165669.0
2023-07-13,761.13,762.843,764.386,756.16,131342.0
2023-07-14,762.672,758.217,765.414,756.674,113458.0
2023-07-17,758.217,780.665,790.09,755.303,288114.0
2023-07-18,777.066,774.496,783.406,771.754,174981.0
2023-07-19,771.069,772.954,781.35,768.67,111794.0
2023-07-20,772.782,772.268,778.094,771.24,110516.0
2023-07-21,772.439,782.721,788.205,772.268,177798.0
2023-07-24,784.435,777.923,794.031,774.667,189491.0
2023-07-25,782.378,777.238,783.921,768.67,190085.0
2023-07-26,777.238,782.892,784.092,775.524,122930.0
2023-07-27,784.435,790.946,795.402,783.749,204263.0
2023-07-28,790.604,791.632,793.859,784.777,176679.0
2023-07-31,797.629,807.226,808.082,792.66,380828.0
2023-08-01,799.514,797.458,806.369,794.374,242735.0
2023-08-02,797.629,782.892,799.343,782.378,210794.0
2023-08-03,782.721,786.834,790.09,782.036,128907.0
2023-08-04,791.803,787.69,792.66,783.921,146053.0
2023-08-07,792.66,791.632,797.801,789.061,176984.0
2023-08-08,790.09,779.808,790.261,777.238,182451.0
2023-08-09,775.01,777.066,781.007,774.324,100203.0
2023-08-10,774.667,787.69,788.719,773.982,149599.0
2023-08-11,785.463,767.984,785.463,767.47,150895.0
2023-08-14,760.273,764.043,765.242,753.076,134396.0
2023-08-15,763.186,761.13,764.9,755.646,91303.0
2023-08-16,756.674,751.876,761.815,751.191,99325.0
2023-08-17,748.106,757.874,758.388,743.308,115865.0
2023-08-18,758.045,748.278,759.93,748.106,81478.0
2023-08-21,748.278,732.341,748.62,732.341,140729.0
2023-08-22,734.398,732.341,739.024,725.144,128793.0
2023-08-23,732.341,727.029,735.94,726.686,109969.0
2023-08-24,728.743,734.055,736.968,715.548,145332.0
2023-08-25,734.398,744.508,757.874,734.398,213717.0
2023-08-28,772.097,745.879,777.066,741.252,230375.0
2023-08-29,745.193,750.505,754.104,737.996,144301.0
2023-08-30,750.505,743.822,754.789,743.822,121139.0
2023-08-31,744.679,740.909,747.592,739.881,85377.0
2023-09-01,744.679,746.05,746.907,740.566,75962.0
2023-09-04,747.25,747.25,747.764,738.339,148975.0
2023-09-05,744.679,744.165,746.05,740.909,77918.0
2023-09-06,744.165,742.451,745.879,740.566,78100.0
2023-09-07,742.28,735.426,746.393,735.254,111840.0
2023-09-08,731.827,732.684,734.226,727.886,74588.0
2023-09-11,732.684,741.937,742.451,732.684,109601.0
2023-09-12,742.623,750.505,756.674,740.395,191569.0
2023-09-13,750.677,747.592,753.247,745.365,87171.0
2023-09-14,751.534,743.651,752.048,739.881,75130.0
2023-09-15,742.966,739.196,748.62,736.968,90259.0
2023-09-18,739.71,739.881,742.28,734.569,104079.0
2023-09-19,740.052,738.51,743.994,735.083,84231.0
2023-09-20,740.909,738.167,745.536,736.282,132324.0
2023-09-21,737.825,722.402,739.024,722.402,156933.0
2023-09-22,722.402,727.714,728.743,716.576,145358.0
2023-09-25,730.456,727.714,730.456,723.259,95646.0
2023-09-26,725.658,726.172,728.057,723.602,67606.0
2023-09-27,726.001,725.83,728.914,721.717,98161.0
2023-09-28,725.83,694.813,727.543,694.813,466482.0
2023-10-09,688.644,645.29,688.644,636.551,648934.0
2023-10-10,645.29,662.94,669.281,645.29,372721.0
2023-10-11,664.14,656.429,672.537,654.372,198269.0
2023-10-12,662.255,663.112,666.882,654.201,185357.0
2023-10-13,659.513,662.598,668.595,657.286,145169.0
2023-10-16,662.769,656.771,666.368,655.743,139517.0
2023-10-17,656.6,658.828,659.856,653.173,93628.0
2023-10-18,658.999,649.06,659.685,646.661,168820.0
2023-10-19,646.661,596.453,646.661,588.742,893488.0
2023-10-20,593.882,587.713,606.563,584.286,418618.0
2023-10-23,585.486,587.713,595.425,579.659,298281.0
2023-10-24,588.056,589.598,595.596,585.314,271241.0
2023-10-25,606.734,623.185,625.584,602.964,547345.0
2023-10-26,623.185,633.981,643.234,617.873,457857.0
2023-10-27,634.152,664.997,667.567,628.668,504781.0
2023-10-30,662.426,693.442,694.128,659.856,461815.0
2023-10-31,694.813,692.586,695.842,679.562,294891.0
2023-11-01,688.987,694.299,702.867,686.588,236262.0
2023-11-02,700.982,693.271,709.722,692.414,222678.0
2023-11-03,693.271,700.297,703.381,686.074,293619.0
2023-11-06,700.297,688.13,700.297,676.135,313789.0
2023-11-07,685.389,684.874,691.215,679.562,201399.0
2023-11-08,684.189,680.762,686.931,676.135,158592.0
2023-11-09,680.59,683.332,689.844,676.478,137186.0
2023-11-10,682.99,686.588,690.015,678.191,158521.0
2023-11-13,688.473,687.445,688.987,674.422,187005.0
2023-11-14,687.274,687.616,694.299,683.846,125848.0
2023-11-15,687.616,687.445,693.1,682.99,125771.0
2023-11-16,687.445,681.619,690.529,681.276,95291.0
2023-11-17,679.734,678.706,683.846,676.478,105340.0
2023-11-20,678.877,698.755,702.182,678.877,319002.0
2023-11-21,699.44,701.496,710.921,697.041,254375.0
2023-11-22,696.527,706.123,715.548,696.527,239304.0
2023-11-23,706.98,705.095,711.264,700.126,140346.0
2023-11-24,704.41,712.806,716.919,700.982,235836.0
2023-11-27,713.834,720.86,727.2,712.635,288061.0
2023-11-28,720.517,710.064,720.689,706.294,183994.0
2023-11-29,703.724,710.921,715.891,703.724,165074.0
2023-11-30,713.834,715.205,716.919,709.722,128274.0
2023-12-01,715.205,706.637,715.205,705.438,131052.0
2023-12-04,705.266,729.428,736.968,698.069,408827.0
2023-12-05,734.569,718.975,740.395,718.461,253365.0
2023-12-06,716.919,741.766,747.935,713.834,368321.0
2023-12-07,738.339,746.05,749.134,733.027,278474.0
2023-12-08,746.393,732.684,750.163,731.827,211967.0
2023-12-11,729.257,743.651,746.393,722.574,181325.0
2023-12-12,743.651,739.024,746.05,730.97,114768.0
2023-12-13,738.51,730.799,741.081,729.085,147864.0
2023-12-14,735.768,721.888,737.653,700.297,292129.0
2023-12-15,723.259,720.517,725.487,712.121,153032.0
2023-12-18,718.975,730.456,736.625,715.719,170170.0
2023-12-19,727.543,727.714,732.17,720.003,96826.0
2023-12-20,727.886,717.262,730.285,714.348,128424.0
2023-12-21,714.006,722.574,725.487,703.895,168394.0
2023-12-22,722.402,729.428,735.94,718.632,159041.0
2023-12-25,729.257,725.487,731.827,714.006,122518.0
2023-12-26,722.745,721.717,727.543,718.975,92347.0
2023-12-27,722.402,747.764,747.935,722.402,316470.0
2023-12-28,747.592,744.336,749.477,739.881,180779.0
2023-12-29,744.679,751.191,759.416,741.252,210171.0
2024-01-02,751.191,756.674,762.843,746.393,173243.0
2024-01-03,756.674,749.306,766.099,744.165,151424.0
2024-01-04,746.393,747.421,751.362,741.937,131036.0
2024-01-05,748.106,738.51,748.106,734.398,161091.0
2024-01-08,737.825,715.034,741.937,715.034,253565.0
2024-01-09,714.862,707.837,716.747,706.98,174491.0
2024-01-10,707.494,674.936,711.093,649.574,600640.0
2024-01-11,670.823,678.191,696.013,670.823,385069.0
2024-01-12,675.45,691.729,698.583,668.424,239388.0
2024-01-15,688.473,680.076,698.755,678.706,187483.0
2024-01-16,676.992,689.33,693.1,676.992,203958.0
2024-01-17,687.274,675.107,699.269,674.764,190787.0
2024-01-18,673.565,681.619,684.532,657.114,255484.0
2024-01-19,681.276,674.936,686.245,670.994,161373.0
2024-01-22,675.792,660.027,677.849,653.858,222519.0
2024-01-23,658.314,659.513,664.14,652.316,167030.0
2024-01-24,666.368,660.199,667.567,643.063,198216.0
2024-01-25,662.94,662.94,664.825,653.687,181987.0
2024-01-26,657.457,657.286,662.94,641.863,253904.0
2024-01-29,657.286,661.912,672.708,655.572,220665.0
2024-01-30,660.713,655.915,670.994,654.544,180579.0
2024-01-31,647.861,649.574,656.429,638.093,209741.0
2024-02-01,647.861,649.06,657.286,642.206,203632.0
2024-02-02,647.004,651.117,665.854,636.894,300539.0
2024-02-05,645.29,657.286,662.426,632.267,307160.0
2024-02-06,653.858,679.734,681.276,650.431,288957.0
2024-02-07,679.562,687.788,688.13,669.281,270079.0
2024-02-08,684.36,693.442,696.87,681.619,217016.0
2024-02-19,694.985,686.417,698.583,676.306,222473.0
2024-02-20,684.189,701.839,703.553,678.191,185897.0
2024-02-21,701.325,704.41,710.407,696.698,177628.0
2024-02-22,702.353,704.581,707.151,698.926,103595.0
2024-02-23,706.123,703.21,707.837,697.898,115949.0
2024-02-26,699.269,698.755,705.266,693.785,144879.0
2024-02-27,696.356,711.435,718.29,695.67,167450.0
2024-02-28,713.492,700.982,713.492,700.468,168124.0
2024-02-29,700.811,705.095,708.008,699.44,150841.0
2024-03-01,705.266,699.611,705.266,689.673,237382.0
2024-03-04,699.611,691.729,699.611,688.473,215723.0
2024-03-05,688.13,713.834,715.548,688.13,317524.0
2024-03-06,711.264,716.919,718.29,707.151,156614.0
2024-03-07,718.632,721.546,728.229,713.834,238832.0
2024-03-08,716.405,715.548,721.203,710.578,132078.0
2024-03-11,715.377,730.97,732.684,714.691,200615.0
2024-03-12,730.285,732.684,733.541,720.689,185392.0
2024-03-13,730.97,714.006,733.369,713.149,208149.0
2024-03-14,713.492,704.238,717.604,703.724,141584.0
2024-03-15,704.238,703.553,709.55,699.954,126477.0
2024-03-18,705.095,706.294,708.522,690.701,225725.0
2024-03-19,710.75,739.196,743.48,709.036,503682.0
2024-03-20,734.226,748.792,760.273,731.827,331403.0
2024-03-21,748.792,777.238,781.864,748.62,488546.0
2024-03-22,777.409,769.526,780.493,759.245,342586.0
2024-03-25,769.526,768.155,773.81,762.843,222455.0
2024-03-26,769.012,767.813,785.12,764.214,264851.0
2024-03-27,766.442,769.869,782.036,761.815,296741.0
2024-03-28,767.813,766.099,776.723,761.815,251707.0
2024-03-29,766.099,784.949,784.949,761.472,311546.0
2024-04-01,784.777,810.481,813.909,783.064,395879.0
2024-04-02,808.082,805.169,811.681,793.345,239535.0
2024-04-03,801.228,821.106,826.589,801.228,316459.0
2024-04-08,816.65,814.765,823.162,807.74,293214.0
2024-04-09,811.681,805.855,812.88,797.801,250117.0
2024-04-10,805.855,799.343,814.594,795.23,200503.0
2024-04-11,792.66,784.777,798.486,781.864,303191.0
2024-04-12,784.606,768.327,789.404,765.242,330417.0
2024-04-15,763.871,773.468,781.864,763.871,239968.0
2024-04-16,768.498,779.294,791.803,768.327,255623.0
2024-04-17,779.465,783.064,790.946,772.611,203480.0
2024-04-18,780.322,792.317,801.057,772.954,237200.0
2024-04-19,792.317,790.604,798.486,781.007,172691.0
2024-04-22,792.66,819.392,831.216,791.289,386577.0
2024-04-23,819.392,816.479,826.589,814.08,220672.0
2024-04-24,819.735,802.942,819.735,796.944,207511.0
2024-04-25,798.315,804.655,808.082,792.66,167814.0
2024-04-26,804.484,807.054,815.965,800.542,200028.0
2024-04-29,801.571,793.003,806.369,793.003,250587.0
2024-04-30,790.946,793.003,807.226,789.747,177770.0
2024-05-06,806.369,802.942,807.911,788.376,226546.0
2024-05-07,806.369,818.535,823.505,800.028,328366.0
2024-05-08,817.164,848.009,853.664,809.796,538807.0
2024-05-09,845.782,850.066,852.465,840.298,275390.0
2024-05-10,848.181,855.892,866.173,845.096,280516.0
2024-05-13,838.927,862.575,867.03,834.986,446242.0
2024-05-14,858.634,862.575,874.57,852.979,315647.0
2024-05-15,862.575,845.439,871.314,844.582,236176.0
2024-05-16,850.922,848.009,853.835,839.784,148056.0
2024-05-17,848.009,862.746,863.603,846.81,268055.0
2024-05-20,862.575,891.192,899.589,861.204,406619.0
2024-05-21,888.279,887.251,903.53,881.596,238893.0
2024-05-22,892.563,877.654,896.333,868.058,278368.0
2024-05-23,879.539,862.061,885.023,857.777,234006.0
2024-05-24,862.575,868.915,885.194,857.777,314505.0
2024-05-27,871.828,875.941,878.169,854.692,217822.0
2024-05-28,876.626,867.373,890.164,859.49,209009.0
2024-05-29,864.631,868.058,877.997,859.833,162246.0
2024-05-30,872.514,857.948,876.112,849.209,260769.0
2024-05-31,856.749,853.493,860.347,845.782,203097.0
2024-06-03,852.122,874.056,879.711,852.122,313725.0
2024-06-04,875.255,880.739,882.624,863.089,233724.0
2024-06-05,880.396,871.486,883.652,866.345,154408.0
2024-06-06,868.915,861.375,868.915,853.664,263336.0
2024-06-07,866.687,865.831,873.199,856.92,206730.0
2024-06-11,864.631,852.636,872.514,842.526,240893.0
2024-06-12,852.636,847.495,861.033,844.239,156103.0
2024-06-13,842.526,807.74,842.868,798.658,616459.0
2024-06-14,806.369,817.164,819.392,791.289,433961.0
2024-06-17,817.164,819.392,822.648,806.54,167831.0
2024-06-18,826.246,810.31,831.73,802.599,235766.0
2024-06-19,808.082,802.599,810.139,800.371,148721.0
2024-06-20,801.571,807.226,815.794,794.545,171691.0
2024-06-21,807.226,797.972,816.65,797.801,337951.0
2024-06-24,795.573,793.517,801.742,778.78,299112.0
2024-06-25,793.688,791.118,803.284,787.862,144999.0
2024-06-26,788.547,785.806,791.118,772.611,205873.0
2024-06-27,780.665,785.806,790.261,778.266,149241.0
2024-06-28,782.378,792.66,802.599,779.808,204989.0
2024-07-01,797.801,816.479,821.277,797.801,234806.0
2024-07-02,816.308,805.341,821.791,802.085,152691.0
2024-07-03,802.085,801.571,812.366,795.744,113944.0
2024-07-04,801.571,796.601,806.369,786.148,161746.0
2024-07-05,795.23,796.43,799.343,778.951,154652.0
2024-07-08,797.458,800.2,813.394,796.258,162927.0
2024-07-09,796.087,778.78,798.315,770.897,297269.0
2024-07-10,778.78,794.202,799.514,771.925,260222.0
2024-07-11,804.826,801.399,809.282,796.087,218493.0
2024-07-12,801.228,783.064,812.366,780.665,272659.0
2024-07-15,793.517,810.995,817.336,787.519,346220.0
2024-07-16,808.082,821.791,837.214,806.369,333592.0
2024-07-17,816.65,826.761,830.873,810.31,216018.0
2024-07-18,823.505,826.589,830.188,816.993,165977.0
2024-07-19,823.505,831.73,834.3,813.223,200284.0
2024-07-22,832.415,818.021,834.3,811.51,251193.0
2024-07-23,819.221,795.744,825.047,794.374,189654.0
2024-07-24,795.23,790.261,802.942,784.606,188207.0
2024-07-25,787.519,787.519,790.261,780.322,153943.0
2024-07-26,787.519,783.064,792.146,772.954,208662.0
2024-07-29,783.064,768.327,787.348,760.102,223631.0
2024-07-30,766.956,782.036,784.777,761.13,168880.0
2024-07-31,781.522,794.716,796.773,771.754,199192.0
2024-08-01,794.374,789.918,806.711,787.176,152191.0
2024-08-02,787.348,803.113,814.08,784.435,220408.0
2024-08-05,811.167,812.366,826.418,805.855,320853.0
2024-08-06,815.965,811.338,818.021,800.714,212492.0
2024-08-07,809.796,788.719,811.338,788.205,193345.0
2024-08-08,788.205,795.23,800.714,787.69,144972.0
2024-08-09,795.402,787.519,799.0,786.834,125064.0
2024-08-12,793.174,806.197,813.737,787.348,294613.0
2024-08-13,805.341,806.369,820.078,799.0,174017.0
2024-08-14,806.369,799.514,806.883,791.118,133539.0
2024-08-15,799.343,795.402,808.939,789.747,196754.0
2024-08-16,791.118,781.693,792.66,778.266,180585.0
2024-08-19,774.667,765.071,779.808,761.815,260876.0
2024-08-20,763.529,745.022,764.386,739.024,280823.0
2024-08-21,740.052,721.031,741.252,718.118,395484.0
2024-08-22,717.433,718.975,720.86,704.067,285348.0
2024-08-23,717.262,706.294,723.259,704.238,230516.0
2024-08-26,705.438,708.179,715.205,699.783,204595.0
2024-08-27,705.266,689.158,707.494,685.903,256984.0
2024-08-28,686.417,696.698,697.726,681.447,204182.0
2024-08-29,695.842,692.586,699.954,688.473,168662.0
2024-08-30,690.701,706.294,713.834,684.874,369957.0
2024-09-02,705.266,704.41,713.32,700.468,228963.0
2024-09-03,700.468,717.604,722.402,700.297,205381.0
2024-09-04,714.691,698.412,720.003,697.555,187402.0
2024-09-05,701.839,698.241,704.581,691.558,151181.0
2024-09-06,700.297,698.412,707.494,697.555,131197.0
2024-09-09,693.1,706.637,709.55,686.759,194226.0
2024-09-10,706.466,705.609,715.719,698.583,158360.0
2024-09-11,703.381,704.752,711.264,693.785,113560.0
2024-09-12,705.095,687.788,707.323,687.616,209510.0
2024-09-13,682.647,686.588,693.785,676.992,158406.0
2024-09-18,685.903,665.168,688.13,662.426,260195.0
2024-09-19,667.567,672.194,684.532,660.37,288631.0
2024-09-20,671.337,661.227,671.337,645.633,380083.0
2024-09-23,652.145,656.086,667.396,647.861,178987.0
2024-09-24,666.539,703.039,703.553,663.283,397211.0
2024-09-25,714.006,703.21,720.175,702.01,303195.0
2024-09-26,705.095,729.942,730.456,700.468,388818.0
2024-09-27,765.242,785.12,796.087,765.242,666735.0
2024-09-30,801.228,839.098,849.723,795.916,944005.0
2024-10-08,915.696,818.364,915.696,786.148,1541556.0
2024-10-09,808.082,765.071,808.082,762.329,783250.0
2024-10-10,806.369,790.775,824.19,788.719,1074933.0
2024-10-11,790.604,770.04,790.604,762.501,397289.0
2024-10-14,772.097,787.348,791.974,767.813,422951.0
2024-10-15,785.806,766.27,792.146,765.414,361135.0
2024-10-16,760.958,761.815,771.24,752.048,289934.0
2024-10-17,764.043,752.219,770.04,752.048,239298.0
2024-10-18,749.82,768.498,781.693,744.85,471894.0
2024-10-21,800.542,786.148,800.542,777.58,580054.0
2024-10-22,782.378,799.172,803.798,779.122,428226.0
2024-10-23,805.683,795.744,806.197,787.862,411129.0
2024-10-24,791.118,785.291,799.514,783.064,220571.0
2024-10-25,784.092,784.092,798.486,782.55,367629.0
2024-10-28,782.892,791.46,794.031,775.524,420153.0
2024-10-29,791.632,783.578,792.489,776.552,356489.0
2024-10-30,793.517,797.801,809.11,780.322,720559.0
2024-10-31,798.315,793.345,802.085,789.575,490933.0
2024-11-01,793.345,799.514,813.052,791.632,542342.0
2024-11-04,800.542,800.885,803.284,788.376,329808.0
2024-11-05,799.514,808.254,808.596,794.202,534521.0
2024-11-06,804.655,808.939,815.622,799.514,570540.0
2024-11-07,805.855,831.73,831.73,803.284,676081.0
2024-11-08,835.671,814.765,838.927,813.737,605627.0
2024-11-11,801.913,810.139,811.167,798.829,431320.0
2024-11-12,809.796,804.655,823.162,801.228,457429.0
2024-11-13,800.542,802.256,805.855,791.803,335296.0
2024-11-14,797.972,784.263,805.341,783.235,338887.0
2024-11-15,782.378,767.641,789.233,766.613,305964.0
2024-11-18,767.299,764.386,778.78,762.158,314673.0
2024-11-19,765.585,765.414,773.296,752.39,253278.0
2024-11-20,761.644,765.756,767.299,758.731,197566.0
2024-11-21,765.242,771.411,772.954,763.7,222088.0
2024-11-22,770.04,747.421,771.24,746.564,274145.0
2024-11-25,745.536,739.881,753.247,735.94,242333.0
2024-11-26,740.909,742.28,749.134,738.339,175947.0
2024-11-27,739.538,747.935,747.935,735.94,166228.0
2024-11-28,748.106,739.538,748.106,737.996,190802.0
2024-11-29,741.423,743.48,746.735,736.111,241175.0
2024-12-02,741.252,747.421,750.848,735.254,265667.0
2024-12-03,745.536,746.907,758.388,743.308,295039.0
2024-12-04,743.308,737.139,745.022,734.569,248340.0
2024-12-05,732.684,738.51,740.224,728.229,256290.0
2024-12-06,735.768,737.996,743.822,735.768,234349.0
2024-12-09,736.625,723.259,736.797,720.346,347684.0
2024-12-10,741.595,726.686,749.477,726.515,472453.0
2024-12-11,727.029,740.738,743.822,726.172,329407.0
2024-12-12,742.109,753.418,754.618,737.139,349125.0
2024-12-13,749.134,736.797,749.649,736.797,323576.0
2024-12-16,736.968,729.771,739.881,726.172,239781.0
2024-12-17,729.771,727.886,735.254,725.487,203083.0
2024-12-18,729.257,722.402,731.313,720.689,230190.0
2024-12-19,717.433,722.916,725.144,711.435,233546.0
2024-12-20,722.402,712.635,727.886,712.635,348964.0
2024-12-23,712.806,715.034,720.346,709.55,255691.0
2024-12-24,715.205,719.489,727.2,711.778,271368.0
2024-12-25,723.43,715.034,724.116,712.463,199184.0
2024-12-26,715.205,712.463,718.804,711.093,211448.0
2024-12-27,712.635,720.003,726.686,705.438,310053.0
2024-12-30,722.311,722.311,725.909,712.201,313228.0
2024-12-31,719.74,718.37,732.25,718.198,277980.0
2025-01-02,718.712,703.804,724.538,700.891,297099.0
2025-01-03,705.346,699.177,712.201,697.121,244181.0
2025-01-06,702.947,702.09,709.287,698.492,238427.0
2025-01-07,703.118,705.346,711.344,697.121,212102.0
2025-01-08,702.604,697.978,708.773,695.579,240281.0
2025-01-09,707.402,698.834,713.743,694.379,489345.0
2025-01-10,695.921,679.985,696.778,679.128,408265.0
2025-01-13,673.302,680.842,688.553,671.76,252381.0
2025-01-14,681.356,694.379,694.55,677.414,343423.0
2025-01-15,691.295,682.898,692.837,679.985,317320.0
2025-01-16,683.583,683.926,694.55,678.957,347114.0
2025-01-17,683.755,688.382,691.98,679.128,273964.0
2025-01-20,691.98,697.635,702.262,688.896,364180.0
2025-01-21,700.548,691.98,700.719,688.724,221953.0
2025-01-22,690.609,685.468,690.609,681.87,213410.0
2025-01-23,691.123,690.438,696.093,688.21,270185.0
2025-01-24,688.896,691.637,693.522,686.154,204650.0
2025-01-27,692.323,697.292,705.346,692.323,268043.0
2025-02-05,699.691,690.609,701.062,688.724,232847.0
2025-02-06,690.781,690.266,691.295,682.041,271945.0
2025-02-07,687.867,690.609,695.921,682.555,433108.0
2025-02-10,688.896,686.497,690.266,683.926,328526.0
2025-02-11,686.668,680.67,689.41,679.642,313600.0
2025-02-12,678.271,681.87,682.041,673.645,346108.0
2025-02-13,680.156,714.428,718.541,679.128,1087729.0
2025-02-14,707.402,705.86,712.201,700.719,489139.0
2025-02-17,705.346,708.431,712.372,697.635,415642.0
2025-02-18,709.116,696.607,711.858,695.407,361634.0
2025-02-19,695.579,700.548,702.09,690.438,436714.0
2025-02-20,700.205,692.323,700.205,691.98,304871.0
2025-02-21,693.694,693.694,711.858,691.637,520216.0
2025-02-24,700.034,697.121,708.088,694.208,534925.0
2025-02-25,694.036,686.668,694.036,685.297,336330.0
2025-02-26,686.839,690.781,691.123,683.069,292514.0
2025-02-27,690.266,685.297,691.809,681.184,340966.0
2025-02-28,684.612,681.527,695.065,679.985,427853.0
2025-03-03,681.527,688.039,694.893,678.443,431883.0
2025-03-04,688.21,694.893,699.006,681.356,365465.0
2025-03-05,695.407,686.497,696.435,685.468,286757.0
2025-03-06,688.553,691.123,692.837,683.412,317559.0
2025-03-07,689.41,691.98,698.149,687.182,377782.0
2025-03-10,702.262,699.006,703.804,693.008,485542.0
2025-03-11,692.151,712.543,713.057,691.295,697370.0
2025-03-12,712.715,710.316,713.914,707.06,380513.0
2025-03-13,709.973,711.344,714.428,708.431,335989.0
2025-03-14,714.086,719.398,722.311,711.686,489494.0
2025-03-17,725.053,731.564,737.733,722.311,532194.0
2025-03-18,731.222,721.625,731.222,719.398,421433.0
2025-03-19,721.111,723.51,723.682,715.628,308693.0
2025-03-20,729.679,715.285,729.679,715.114,425599.0
2025-03-21,715.285,720.769,732.25,706.032,542622.0
2025-03-24,714.257,715.114,717.341,703.29,305369.0
2025-03-25,715.799,721.111,721.111,710.316,304882.0
2025-03-26,721.454,744.588,748.529,719.398,937084.0
2025-03-27,744.074,741.503,747.329,740.132,354833.0
2025-03-28,741.503,738.933,741.674,734.649,278249.0
2025-03-31,735.848,723.339,743.559,722.139,351708.0
2025-04-01,722.996,724.196,735.334,722.139,307321.0
2025-04-02,724.538,728.651,731.05,724.538,263667.0
2025-04-03,722.825,736.362,739.447,722.825,368220.0
2025-04-07,725.395,724.196,748.358,702.776,1074454.0
2025-04-08,724.196,768.235,779.374,709.287,1348126.0
2025-04-09,778.517,782.801,805.078,755.041,1409823.0
2025-04-10,762.238,778.346,784.172,756.24,942115.0
2025-04-11,776.289,761.038,776.975,755.041,608119.0
2025-04-14,761.038,757.782,765.665,756.754,433216.0
2025-04-15,756.411,755.555,756.926,749.043,349633.0
2025-04-16,750.242,758.81,762.238,743.388,495179.0
2025-04-17,753.67,758.296,759.325,748.872,306165.0
2025-04-18,754.698,751.442,756.754,748.186,212710.0
2025-04-21,749.728,753.67,754.184,746.301,201729.0
2025-04-22,752.47,752.642,759.325,749.557,238519.0
2025-04-23,753.327,751.442,753.327,739.961,412568.0
2025-04-24,748.529,754.012,765.665,748.529,345624.0
2025-04-25,758.81,745.616,763.609,745.273,297947.0
2025-04-28,745.616,740.475,748.015,739.961,227241.0
2025-04-29,739.961,736.534,739.961,733.106,239264.0
2025-04-30,736.362,739.447,740.989,734.649,225813.0
2025-05-06,739.618,740.304,743.388,736.705,262067.0
2025-05-07,743.902,740.475,744.588,737.905,252396.0
2025-05-08,741.332,739.961,747.672,738.59,274526.0
2025-05-09,739.961,735.163,742.017,734.477,209725.0
2025-05-12,735.677,732.078,735.848,728.651,256659.0
2025-05-13,733.106,733.792,735.506,729.508,223140.0
2025-05-14,733.792,744.588,745.273,730.536,347492.0
2025-05-15,740.818,740.646,745.787,739.79,230421.0
2025-05-16,739.961,732.25,741.674,730.536,212405.0
2025-05-19,730.536,731.907,734.82,729.508,156601.0
2025-05-20,731.907,737.39,740.646,729.508,198280.0
2025-05-21,737.39,744.93,750.757,736.705,337540.0
2025-05-22,745.273,742.703,746.815,738.59,146449.0
2025-05-23,741.674,736.705,748.015,736.534,193293.0
2025-05-26,736.534,734.477,739.275,730.707,173509.0
2025-05-27,733.106,724.367,738.59,724.367,199881.0
2025-05-28,724.024,717.684,726.938,716.999,197064.0
2025-05-29,716.656,722.139,722.825,713.571,195881.0
2025-05-30,725.224,752.642,756.411,724.367,824287.0
2025-06-03,746.13,771.491,775.604,745.616,636801.0
2025-06-04,769.263,775.09,775.261,760.181,472246.0
2025-06-05,772.519,758.81,774.918,757.44,272886.0
2025-06-06,762.238,764.637,769.778,757.097,272272.0
2025-06-09,764.637,793.597,795.996,761.895,622321.0
2025-06-10,793.082,785.371,797.366,780.059,295213.0
2025-06-11,787.599,820.157,823.585,785.371,760392.0
2025-06-12,813.646,809.876,818.272,805.763,296077.0
2025-06-13,807.134,809.876,815.359,799.08,376504.0
2025-06-16,806.963,795.824,806.963,794.967,337008.0
2025-06-17,796.51,797.195,803.707,793.597,178077.0
2025-06-18,796.167,787.77,801.136,786.914,193772.0
2025-06-19,789.484,784.514,794.796,778.517,205697.0
2025-06-20,786.057,776.461,791.369,776.461,282520.0
2025-06-23,779.545,773.89,793.597,770.806,236264.0
2025-06-24,776.803,776.289,783.144,767.036,249770.0
2025-06-25,775.775,779.888,780.916,768.407,282526.0
2025-06-26,781.333,785.617,793.157,778.249,269036.0
2025-06-27,785.446,783.389,790.415,780.648,176834.0
2025-06-30,785.788,789.216,792.643,781.847,203273.0
2025-07-01,789.387,788.873,794.185,783.218,185094.0
2025-07-02,789.044,798.812,799.84,787.331,327669.0
2025-07-03,802.924,812.692,816.119,795.899,410012.0
2025-07-04,809.265,818.69,820.746,805.666,331842.0
2025-07-07,816.462,813.72,820.746,810.636,202080.0
2025-07-08,813.891,817.661,820.575,806.009,319986.0
2025-07-09,817.319,842.166,850.734,816.976,687988.0
2025-07-10,857.588,845.764,857.931,835.311,604000.0
2025-07-11,855.189,852.276,872.325,848.678,496021.0
2025-07-14,852.447,849.192,856.731,844.736,340337.0
2025-07-15,851.248,838.567,853.476,835.311,378131.0
2025-07-16,836.682,842.851,843.537,831.542,274436.0
2025-07-17,842.851,845.25,861.358,842.851,241657.0
2025-07-18,846.107,858.274,866.328,844.394,335233.0
2025-07-21,860.501,880.379,883.292,859.816,526338.0
2025-07-22,879.522,899.057,900.257,875.067,499762.0
2025-07-23,918.935,910.539,927.503,904.027,808088.0
2025-07-24,900.428,896.487,901.628,890.489,449092.0
2025-07-25,897.515,901.799,912.423,896.83,403598.0
2025-07-28,898.715,897.687,908.996,892.717,352143.0
2025-07-29,893.574,879.522,897.344,876.438,436220.0
2025-07-30,879.522,879.351,897.001,872.839,417541.0
2025-07-31,870.954,863.757,874.553,859.302,395410.0
2025-08-01,864.614,854.332,867.699,852.447,298470.0
2025-08-04,854.161,856.046,860.501,851.419,226824.0
2025-08-05,860.844,862.044,865.299,855.532,265787.0
2025-08-06,861.701,870.783,876.438,859.302,311995.0
2025-08-07,870.954,869.069,881.065,863.243,213225.0
2025-08-08,872.839,873.867,881.407,867.87,258517.0
2025-08-11,878.494,870.44,878.494,862.729,265524.0
2025-08-12,870.44,875.067,879.008,869.583,234410.0
2025-08-13,875.924,872.839,881.236,861.015,323760.0
2025-08-14,869.755,865.642,879.18,864.785,264906.0
2025-08-15,862.215,858.788,866.67,853.476,399077.0
2025-08-18,858.788,863.243,863.243,852.619,386580.0
2025-08-19,864.1,869.755,881.236,863.757,383484.0
2025-08-20,873.011,883.292,886.034,861.701,409712.0
2025-08-21,919.792,929.731,956.292,898.029,1151209.0
2025-08-22,934.358,932.13,938.813,918.935,569572.0
2025-08-25,932.473,949.78,950.979,927.846,602646.0
2025-08-26,948.238,1012.84,1032.89,941.726,1143279.0
2025-08-27,1006.671,1003.244,1028.777,1001.873,657697.0
2025-08-28,999.817,1003.244,1008.385,986.108,570731.0
2025-08-29,1003.244,1011.127,1020.38,999.817,408050.0
2025-09-01,1015.754,1008.385,1020.038,994.334,405047.0
2025-09-02,1004.101,1007.528,1036.659,1003.244,565159.0
2025-09-03,1007.528,991.935,1026.378,987.822,358671.0
2025-09-04,992.106,974.627,997.075,961.261,482179.0
2025-09-05,975.655,989.535,989.535,960.747,323013.0
2025-09-08,1003.244,1022.951,1034.089,1003.244,573410.0
2025-09-09,1022.779,1004.615,1026.721,996.904,450244.0
2025-09-10,998.103,1001.531,1011.127,979.597,342542.0
2025-09-11,1010.955,1053.795,1071.617,1010.613,932018.0
2025-09-12,1052.939,1055.338,1071.103,1047.798,562952.0
2025-09-15,1054.652,1076.415,1092.009,1048.312,698123.0
2025-09-16,1076.929,1052.082,1077.957,1034.432,630677.0
2025-09-17,1052.253,1032.204,1056.023,1022.265,547029.0
2025-09-18,1032.375,1007.528,1037.516,998.96,500844.0
2025-09-19,999.817,1001.188,1010.955,990.05,440787.0
2025-09-22,991.935,987.136,991.935,969.829,418086.0
2025-09-23,979.254,981.31,998.96,972.742,392446.0
2025-09-24,979.254,993.991,998.96,974.284,370089.0
2025-09-25,994.162,974.799,998.103,966.916,410274.0
2025-09-26,972.914,968.458,981.824,965.545,350139.0
2025-09-29,956.977,977.54,980.111,944.468,495055.0
2025-09-30,975.484,977.54,983.367,959.719,395904.0
2025-10-09,959.376,974.97,975.827,936.414,626962.0
2025-10-10,973.599,981.31,996.219,966.231,549873.0
2025-10-13,965.031,979.254,997.761,965.031,515176.0
2025-10-14,980.967,989.535,1001.531,975.484,589718.0
2025-10-15,987.993,982.167,994.676,969.486,351685.0
2025-10-16,987.748,964.615,987.92,964.615,317185.0
2025-10-17,960.673,952.448,967.185,948.336,321614.0
2025-10-20,952.105,932.913,955.533,928.458,394602.0
2025-10-21,932.913,932.57,942.167,927.772,306277.0
2025-10-22,932.57,919.547,938.054,915.606,364519.0
2025-10-23,920.575,919.718,926.744,910.636,214656.0
2025-10-24,925.031,922.289,935.655,915.263,295283.0
2025-10-27,922.632,946.108,951.934,917.833,449220.0
2025-10-28,945.936,949.021,958.617,941.824,272673.0
2025-10-29,944.052,948.678,957.418,943.366,216619.0
2025-10-30,950.392,936.34,951.249,931.714,296752.0
2025-10-31,942.167,946.965,970.612,942.167,441998.0
2025-11-03,947.821,962.216,975.068,947.821,493454.0
2025-11-04,958.96,933.256,960.845,930.685,420114.0
2025-11-05,925.545,932.056,939.768,920.747,241378.0
2025-11-06,928.286,928.972,941.824,924.174,294385.0
2025-11-07,930.0,936.854,946.793,927.087,285542.0
2025-11-10,948.164,970.441,972.669,933.427,549803.0
2025-11-11,970.098,951.763,970.098,949.706,373404.0
2025-11-12,948.85,944.223,956.218,939.768,244907.0
2025-11-13,943.537,951.591,953.476,935.826,285445.0
2025-11-14,944.908,939.596,954.333,939.596,248787.0
2025-11-17,934.969,915.434,935.826,901.212,445175.0
2025-11-18,907.552,917.833,923.831,906.866,219460.0
2025-11-19,917.833,915.263,919.89,908.751,158781.0
2025-11-20,915.263,911.322,922.974,909.437,169987.0
2025-11-21,907.552,905.667,924.174,904.81,303234.0
2025-11-24,930.514,932.57,955.704,924.174,488485.0
2025-11-25,928.286,938.911,952.105,919.718,433284.0
2025-11-26,941.824,934.969,956.904,933.599,248389.0
2025-11-27,936.854,940.11,950.392,928.115,229943.0
2025-11-28,941.995,954.676,955.533,938.054,280425.0
2025-12-01,958.274,936.683,958.617,931.028,370881.0
2025-12-02,934.113,926.916,938.739,925.716,175829.0
2025-12-03,924.688,921.261,929.657,918.519,191421.0
2025-12-04,919.547,924.002,930.514,919.547,150394.0
2025-12-05,922.46,921.775,929.657,918.176,176871.0
2025-12-08,920.747,914.064,922.632,909.265,271164.0
2025-12-09,915.777,907.552,926.573,905.496,273028.0
2025-12-10,904.125,907.38,908.751,896.413,191695.0
2025-12-11,905.496,896.242,905.838,888.36,350349.0
2025-12-12,896.413,920.918,924.002,892.472,425846.0
2025-12-15,920.404,928.972,940.11,918.176,294710.0
2025-12-16,929.143,925.716,934.798,920.575,171098.0
2025-12-17,937.54,934.798,939.768,912.693,272643.0
2025-12-18,927.772,932.913,944.223,924.516,225069.0
2025-12-19,931.542,927.944,945.251,925.545,361311.0
2025-12-22,933.256,934.798,939.425,919.89,359889.0
2025-12-23,934.113,930.514,938.397,928.458,197150.0
2025-12-24,927.601,909.608,929.315,900.697,421073.0
2025-12-25,905.838,906.695,909.437,902.754,240532.0
2025-12-26,904.125,906.695,908.923,900.526,231959.0
2025-12-29,909.265,940.11,951.934,909.265,671662.0
2025-12-30,941.824,957.075,964.957,940.624,460309.0
2025-12-31,950.392,951.763,955.019,942.167,266630.0
2026-01-05,952.105,943.537,954.162,938.054,299385.0
2026-01-06,938.911,965.472,966.671,933.084,435762.0
2026-01-07,962.216,955.533,973.525,953.476,358484.0
2026-01-08,963.758,944.566,964.443,942.852,259239.0
2026-01-09,943.537,937.711,950.735,934.627,345817.0
2026-01-12,937.711,930.685,938.225,921.261,357575.0
2026-01-13,932.399,910.636,933.599,909.265,498964.0
2026-01-14,910.808,914.406,919.376,905.838,427831.0
2026-01-15,915.777,912.693,920.061,910.636,358997.0
2026-01-16,912.864,896.071,914.578,892.472,575982.0
2026-01-19,896.071,893.5,903.439,890.416,374027.0
2026-01-20,894.357,887.674,897.442,886.132,396774.0
2026-01-21,888.36,877.907,889.73,875.336,455891.0
2026-01-22,877.221,866.768,882.705,864.54,503434.0
2026-01-23,866.768,873.451,873.451,863.855,443816.0
2026-01-26,873.28,882.019,888.36,865.055,591430.0
2026-01-27,882.019,856.658,882.191,856.144,583399.0
2026-01-28,854.088,858.543,861.799,842.435,616034.0
2026-01-29,853.573,878.935,879.449,850.146,617845.0
2026-01-30,874.993,873.28,903.953,871.224,913336.0
2026-02-02,873.794,857.857,878.935,854.602,579386.0
2026-02-03,856.315,867.796,868.31,850.146,374354.0
2026-02-04,868.996,888.017,889.73,864.369,538401.0
2026-02-05,887.674,885.789,898.812,880.134,415359.0
2026-02-06,874.822,880.306,891.273,874.137,359020.0
2026-02-09,876.022,884.418,895.385,874.651,334720.0
2026-02-10,881.162,871.909,889.388,870.367,297338.0
2026-02-11,871.224,873.794,876.193,862.141,286099.0
2026-02-12,870.024,860.256,874.651,859.057,276391.0
2026-02-13,860.256,862.141,874.651,856.487,298934.0
2026-02-24,864.883,848.604,870.881,845.862,391376.0
2026-02-25,847.747,852.545,857.686,846.034,283592.0
2026-02-26,856.658,858.372,872.937,854.602,388725.0
2026-02-27,858.714,888.702,891.444,858.714,718470.0
2026-03-02,881.848,887.16,909.951,880.477,513369.0
2026-03-03,885.275,882.362,898.984,881.162,449678.0
2026-03-04,885.104,892.644,894.357,877.735,547247.0
2026-03-05,892.644,886.989,893.5,876.364,323513.0
2026-03-06,884.761,930.514,933.77,882.705,909997.0
2026-03-09,934.969,931.714,954.847,928.286,838243.0
2026-03-10,922.632,913.207,934.113,910.808,492950.0
2026-03-11,913.378,930.0,938.054,911.322,475502.0
2026-03-12,933.256,951.934,953.476,924.688,629146.0
2026-03-13,950.392,938.225,954.676,934.455,376326.0
2026-03-16,942.338,937.368,955.533,935.655,385143.0
2026-03-17,933.427,945.936,967.185,928.115,520464.0
2026-03-18,944.908,936.512,954.162,932.056,314884.0
2026-03-19,933.427,921.261,938.225,917.148,353957.0
2026-03-20,923.488,932.399,940.11,918.176,472356.0
2026-03-23,916.12,859.571,917.319,852.031,926626.0
2026-03-24,859.571,830.44,864.712,809.877,993382.0
2026-03-25,823.928,847.919,854.088,822.215,458321.0
2026-03-26,844.663,839.008,852.717,837.294,312479.0
2026-03-27,834.381,859.571,864.54,831.468,354994.0
2026-03-30,852.374,825.813,852.717,822.215,533007.0
2026-03-31,824.1,799.766,827.869,791.541,657970.0
2026-04-01,803.879,808.163,810.733,794.626,376857.0
2026-04-02,808.334,833.01,847.233,807.478,577035.0
2026-04-03,829.24,820.158,830.44,816.731,264134.0
2026-04-07,820.501,829.583,853.745,811.59,477109.0
2026-04-08,833.867,844.834,850.146,825.642,411184.0
2026-04-09,837.808,835.581,840.721,830.44,231744.0
2026-04-10,836.095,822.043,839.008,819.13,440105.0
2026-04-13,821.872,841.921,847.576,815.874,510632.0
2026-04-14,842.092,869.51,874.993,835.581,696446.0
2026-04-15,869.167,874.137,879.792,859.571,501892.0
2026-04-16,874.993,880.82,884.761,869.853,349934.0
2026-04-17,876.022,865.226,877.221,861.97,389982.0
2026-04-20,872.252,861.627,877.05,859.571,337323.0
2026-04-21,861.97,864.369,876.022,858.372,311665.0
2026-04-22,864.026,851.346,880.991,846.548,549529.0
2026-04-23,845.862,830.268,849.975,825.47,482465.0
2026-04-24,830.097,824.271,830.44,819.816,303929.0
2026-04-27,822.043,809.191,822.729,807.82,409435.0
2026-04-28,809.363,827.013,830.268,806.792,454680.0
2026-04-29,829.412,849.632,862.827,828.555,694967.0
2026-04-30,839.008,851.003,862.656,835.752,433249.0
2026-05-06,845.691,849.975,851.86,839.008,481143.0
2026-05-07,847.233,840.207,849.461,834.038,409198.0
2026-05-08,843.292,830.611,848.775,828.898,317240.0
2026-05-11,836.437,844.491,857.857,825.299,643788.0
2026-05-12,844.149,820.672,844.32,818.616,545877.0
2026-05-13,818.273,811.248,823.243,809.877,388947.0
2026-05-14,813.304,815.532,831.639,812.618,589978.0
2026-05-15,816.217,813.304,824.1,799.595,451388.0
2026-05-18,809.877,777.832,810.391,774.405,744066.0
2026-05-19,785.544,775.605,788.457,763.267,436406.0
2026-05-20,770.292,762.581,776.633,760.868,367081.0
2026-05-21,766.523,761.724,781.774,760.182,385355.0
2026-05-22,767.037,750.586,769.436,747.33,452702.0
2026-05-25,749.901,743.732,758.126,737.563,380326.0
2026-05-26,743.56,748.358,750.929,737.734,359237.0
2026-05-27,747.014,739.303,747.7,734.848,410502.0
2026-05-28,736.39,727.136,738.789,721.996,413558.0
2026-05-29,727.308,744.615,753.355,721.996,555510.0
2026-06-01,743.244,740.331,749.242,730.564,387114.0
2026-06-02,740.331,722.167,742.388,719.425,543703.0
2026-06-03,722.167,712.571,723.195,705.716,538827.0
2026-06-04,712.4,694.235,720.282,693.036,575119.0
2026-06-05,694.235,693.036,702.803,689.437,391703.0
2026-06-08,689.095,677.442,701.775,672.301,488860.0
2026-06-09,677.613,678.813,680.869,671.102,323075.0
2026-06-10,674.015,682.24,690.465,672.815,381830.0
2026-06-11,682.412,677.613,686.353,672.815,363985.0
2026-06-12,678.642,689.609,694.578,670.588,600765.0
2026-06-15,692.008,696.806,702.803,685.325,455041.0
2026-06-16,693.036,692.864,696.634,687.21,353606.0
2026-06-17,691.151,686.181,692.008,678.128,384011.0
2026-06-18,687.895,668.531,690.808,666.646,623145.0
2026-06-22,665.618,674.015,678.128,657.564,541482.0
2026-06-23,677.956,658.078,692.693,657.736,658904.0
2026-06-24,658.421,649.682,661.163,646.597,389128.0
2026-06-25,644.027,646.769,653.966,637.344,441740.0
2026-06-26,658.25,667.332,685.153,647.111,1048548.0
2026-06-29,668.017,708.972,711.543,659.621,1393660.0
2026-06-30,698.005,691.836,707.944,686.867,816863.0
2026-07-01,692.008,725.937,745.472,683.782,1186982.0
2026-07-02,720.111,732.277,742.559,715.998,970327.0
2026-07-03,730.564,724.566,744.444,713.942,743518.0
2026-07-06,734.848,755.068,760.38,731.592,1008463.0
2026-07-07,751.984,751.812,759.524,738.96,839641.0
2026-07-08,743.416,722.852,749.242,722.681,722925.0
2026-07-09,725.423,728.165,736.561,715.998,630356.0
2026-07-10,721.824,745.815,751.298,709.315,862208.0
2026-07-13,733.991,752.84,763.808,732.277,841823.0
2026-07-14,748.556,744.787,749.585,735.19,553136.0
2026-07-15,738.446,771.69,779.401,737.932,845419.0
2026-07-16,775.46,793.11,799.45,772.033,979148.0
2026-07-17,793.281,774.775,804.248,764.15,910829.0
2026-07-20,765.35,788.141,792.082,750.613,832818.0
2026-07-21,778.03,767.749,792.596,762.779,765844.0
2026-07-22,760.552,768.092,778.544,753.869,647223.0
2026-07-23,759.866,772.547,780.429,751.47,611602.0
2026-07-24,768.777,755.068,777.688,753.869,408040.0
2026-07-27,754.897,766.207,769.12,752.155,372637.0
